player_id,as_of_date,current_rating,career_n_games,career_win_rate,days_since_last_game,days_since_last_event,games_last_30d,games_last_90d,games_last_180d,games_last_365d,events_last_90d,events_last_365d,recent_win_rate_30d,recent_win_rate_90d,recent_score_rate_90d,form_delta_90d,pct_games_vs_higher_rated_90d,pct_games_vs_100_plus_higher_90d,pct_games_vs_200_plus_higher_90d,avg_rating_diff_recent_90d,avg_abs_rating_diff_recent_90d,wins_vs_100_plus_higher,wins_vs_200_plus_higher,draws_vs_200_plus_higher,losses_vs_100_plus_lower,score_rate_vs_higher_rated,upset_win_rate,upset_rate_90d,upset_rate_365d,rating_change_30d_proxy,rating_change_90d_proxy,rating_change_180d_proxy,rating_change_365d_proxy,rating_slope_180d_proxy,rating_peak_recent_365d,distance_from_peak_rating,max_90d_rating_gain_proxy,rating_volatility_proxy,pct_regular_games,pct_quick_games,pct_blitz_games,best_time_control_by_score_rate,time_control_specialist_label,events_won_last_90d,events_won_last_365d,top_3_finishes_last_365d,top_5_finishes_last_365d,best_recent_finish_percentile,avg_finish_percentile_365d,avg_field_strength_last_365d,result_volatility,best_win_streak,worst_losing_streak,boom_bust_flag,consistency_score,inferred_home_region,unique_states_played,insufficient_recent_games_flag,insufficient_higher_rated_games_flag,small_sample_warning,unique_event_locations,unique_event_states,avg_travel_distance_miles,max_travel_distance_miles,pct_events_outside_home_region,traveling_competitor_label,travel_distance_confidence
15244943,2025-10-28,2666.0,206,0.470873786407767,370,370,0,0,0,0,0,0,,,,,,,,,,2,0,0,5,0.3611111111111111,0.1111111111111111,0.0,0.0,0.0,0.0,0.0,0.0,,2666.0,0.0,,,0.616504854368932,0.0,0.0,Regular,Mixed-format player,0,0,0,0,,,,0.299969307703533,6,3,False,0.400061384592934,CA,1,True,False,True,16,8,1208.8189457836027,2465.139644075212,0.7352941176470589,Tournament road warrior,approximate (city-level)
13215196,2025-10-28,2647.0,110,0.5363636363636364,2,2,9,9,9,13,1,2,0.4444444444444444,0.4444444444444444,0.6666666666666666,-0.0919191919191919,0.0,0.0,0.0,151.88888888888889,151.88888888888889,2,0,2,6,0.4230769230769231,0.1538461538461538,0.0,0.0,22.0,22.0,22.0,33.0,,2647.0,0.0,0.0,10.568458151135752,0.6636363636363637,0.0363636363636363,0.0,Regular,Mixed-format player,0,0,2,2,0.9565217391304348,0.9227053140096618,2373.1291666666666,0.3082010264802858,5,2,False,0.3835979470394284,MD,1,True,False,False,11,9,425.3569581913241,2327.132953084054,0.9230769230769231,Multi-state competitor,approximate (city-level)
30176249,2025-10-28,2632.0,87,0.5287356321839081,2,2,4,4,22,22,1,3,0.25,0.25,0.5,-0.278735632183908,0.25,0.0,0.0,45.75,52.75,0,0,0,2,,0.0,0.0,0.0,9.0,9.0,-14.0,-14.0,0.131076783280333,2632.0,0.0,0.0,7.661253500231225,0.7586206896551724,0.0,0.0,Unknown,Regular specialist,0,1,1,1,1.0,0.7076719576719577,2408.4827586206898,0.2541053096820728,5,2,False,0.4917893806358544,,0,True,True,True,11,8,,,,Insufficient location data,low
14160065,2025-10-28,2625.0,40,0.575,785,785,0,0,0,0,0,0,,,,,,,,,,0,0,0,1,,0.0,0.0,0.0,0.0,0.0,0.0,0.0,,2625.0,0.0,,,0.35,0.0,0.0,Unknown,Mixed-format player,0,0,0,0,,,,0.2936023043843809,8,2,False,0.4127953912312382,NJ,1,True,True,True,6,4,1369.5540420502205,2442.272703272797,1.0,Tournament road warrior,approximate (city-level)
12802899,2025-10-28,2596.0,79,0.5316455696202531,133,133,0,0,7,7,0,1,,,,,,,,,,1,0,0,1,0.5,0.2,0.0,0.0,0.0,0.0,61.0,61.0,,2596.0,0.0,,0.0,1.0,0.0,0.0,Regular,Regular specialist,0,1,1,1,1.0,1.0,2081.818181818182,0.295238903492297,5,2,False,0.409522193015406,CA,1,True,False,True,9,2,249.42942796399407,2285.6168644785694,0.043478260869565216,Multi-state competitor,approximate (city-level)
12836880,2025-10-28,2559.0,12,1.0,887,887,0,0,0,0,0,0,,,,,,,,,,0,0,0,0,,0.0,0.0,0.0,0.0,0.0,0.0,0.0,,2559.0,0.0,,,0.0,1.0,0.0,Quick,Quick specialist,0,0,0,0,,,,0.1096190785733739,12,0,False,0.7807618428532521,NY,1,True,True,True,1,1,111.61614841039955,111.61614841039955,0.0,Multi-state competitor,approximate (city-level)
12662506,2025-10-28,2542.0,35,0.7142857142857143,359,359,0,0,0,4,0,1,,,,,,,,,,0,0,0,2,,0.0,0.0,0.0,0.0,0.0,0.0,-11.0,,2542.0,0.0,,0.0,0.4571428571428571,0.1714285714285714,0.0,Unknown,Mixed-format player,0,1,1,1,1.0,1.0,2008.8823529411768,0.3142349491659417,6,2,False,0.3715301016681166,NJ,1,True,True,True,5,4,112.65497744891248,732.4389589394419,0.4444444444444444,Multi-state competitor,approximate (state-level)
16649696,2025-10-28,2463.0,8,0.125,155,155,0,0,8,8,0,1,,,,,,,,,,0,0,0,0,,0.0,0.0,0.0,0.0,0.0,,,,2463.0,0.0,,0.0,1.0,0.0,0.0,Regular,Regular specialist,0,0,0,0,0.3333333333333333,0.3333333333333333,2467.8888888888887,0.3056378615233127,1,1,False,0.3887242769533745,NY,1,True,True,True,3,2,316.4067793187238,837.6041895457719,0.3333333333333333,Multi-state competitor,approximate (city-level)
30020975,2025-10-28,2448.0,38,0.4210526315789473,9,9,3,3,12,21,1,3,0.6666666666666666,0.6666666666666666,0.8333333333333334,0.2456140350877192,0.0,0.0,0.0,313.3333333333333,313.3333333333333,1,0,0,1,0.2857142857142857,0.1428571428571428,0.0,0.0,45.0,45.0,57.0,77.0,0.4591836734693746,2448.0,0.0,0.0,19.152396343911796,0.7631578947368421,0.0,0.0,Regular,Regular specialist,0,0,1,1,0.96,0.6493293293293293,2329.372893772894,0.3432613686679954,4,3,False,0.3134772626640092,NY,1,True,False,True,6,5,444.1198753966246,2171.806104722988,0.5384615384615384,Multi-state competitor,approximate (city-level)
17344518,2025-10-28,2437.0,65,0.4923076923076923,4,4,15,20,20,39,3,6,0.5333333333333333,0.6,0.7,0.1076923076923076,0.25,0.05,0.0,175.25,213.15,3,0,0,3,0.2692307692307692,0.2307692307692307,0.0,0.1,-9.0,0.0,0.0,-13.0,-0.3272688490445711,2450.0,13.0,4.0,11.277567812364646,0.8307692307692308,0.0,0.0,Unknown,Regular specialist,0,0,2,2,0.972972972972973,0.7831740617323889,2200.2582912200664,0.3809159556189094,5,2,False,0.2381680887621812,MO,1,False,False,False,9,4,421.704268593517,1508.9247104835258,0.3,Multi-state competitor,approximate (city-level)
13871294,2025-10-28,2429.0,80,0.525,366,366,0,0,0,0,0,0,,,,,,,,,,2,0,2,2,0.3333333333333333,0.1666666666666666,0.0,0.0,0.0,0.0,0.0,0.0,,2429.0,0.0,,,0.55,0.25,0.0,Quick,Mixed-format player,0,0,0,0,,,,0.3188839458135096,6,2,False,0.3622321083729808,NJ,1,True,False,True,8,7,288.0976279875114,2203.4267181661617,0.9411764705882353,Multi-state competitor,approximate (city-level)
30328482,2025-10-28,2391.0,81,0.5802469135802469,23,23,3,13,54,81,3,16,1.0,0.6923076923076923,0.8076923076923077,0.1120607787274453,0.0769230769230769,0.0769230769230769,0.0,258.9230769230769,283.53846153846155,0,0,0,1,0.1111111111111111,0.0,0.0,0.0,-1.0,-3.0,55.0,,0.2479588756649025,2395.0,4.0,0.0,56.08598172162999,0.8888888888888888,0.0,0.0,Regular,Regular specialist,1,4,7,10,1.0,0.8448276929208123,2171.7447856147573,0.2974824836071302,6,3,False,0.4050350327857395,NY,1,False,False,False,7,5,205.48826788835862,751.6728269366159,0.2413793103448276,Multi-state competitor,approximate (city-level)
31821604,2025-10-28,2375.0,44,0.4090909090909091,100,100,0,0,16,26,0,4,,,,,,,,,,0,0,6,4,0.3333333333333333,0.0,0.0,0.0,0.0,0.0,3.0,33.0,-0.0545454545454446,2378.0,3.0,,4.3097385249973295,0.8409090909090909,0.0,0.0,Regular,Regular specialist,0,0,0,2,0.9111111111111112,0.4902930402930402,2345.625766443701,0.357002716386724,3,2,False,0.285994567226552,CA,1,True,False,True,8,2,134.2694057100146,275.3657912584673,0.2,Multi-state competitor,approximate (city-level)
15570195,2025-10-28,2374.0,41,0.5365853658536586,15,15,9,9,15,28,1,5,0.2222222222222222,0.2222222222222222,0.4444444444444444,-0.3143631436314363,0.2222222222222222,0.2222222222222222,0.1111111111111111,46.333333333333336,119.0,0,0,1,1,0.25,0.0,0.0,0.0,79.0,79.0,658.0,12.0,0.5642857142857096,2374.0,0.0,0.0,223.66145938158056,1.0,0.0,0.0,Regular,Regular specialist,0,1,3,4,1.0,0.7926710544357602,1940.6945354645356,0.2560019291828078,7,2,False,0.4879961416343843,TX,1,True,False,False,7,3,705.4859382698272,1466.594190842496,0.47619047619047616,Tournament road warrior,approximate (city-level)
12650696,2025-10-28,2365.0,219,0.4977168949771689,17,17,4,4,10,29,1,5,0.75,0.75,0.875,0.2522831050228311,0.0,0.0,0.0,429.75,429.75,2,0,0,9,0.3478260869565217,0.0869565217391304,0.0,0.0,2.0,2.0,-9.0,-23.0,0.0206185567010443,2374.0,9.0,0.0,4.261755691772428,0.7488584474885844,0.0,0.0,Regular,Regular specialist,1,2,2,3,1.0,0.9348629148629148,1950.4382320098696,0.3075448959032139,8,2,False,0.3849102081935721,CA,1,True,False,True,16,4,171.46778276605144,1859.2525477112008,0.1794871794871795,Multi-state competitor,approximate (city-level)
14668233,2025-10-28,2359.0,121,0.6528925619834711,57,57,0,6,24,41,1,8,,0.6666666666666666,0.8333333333333334,0.0137741046831955,0.0,0.0,0.0,162.83333333333334,162.83333333333334,0,0,1,5,0.25,0.0,0.0,0.0,0.0,4.0,-5.0,-10.0,-0.1070258358221913,2368.0,9.0,0.0,5.544388505727122,0.7768595041322314,0.140495867768595,0.0,Quick,Regular specialist,0,0,7,8,0.9910714285714286,0.9283650522864232,2058.8246294137543,0.2739878267654385,7,1,False,0.452024346469123,FL,1,True,True,False,15,4,108.01623983778454,981.2665220835512,0.08823529411764706,Multi-state competitor,approximate (state-level)
17128308,2025-10-28,2333.0,155,0.535483870967742,15,15,10,22,40,76,4,12,0.8,0.6363636363636364,0.7272727272727273,0.1008797653958943,0.1818181818181818,0.1818181818181818,0.0,254.54545454545453,308.09090909090907,4,3,2,5,0.3243243243243243,0.1081081081081081,0.25,0.15,9.0,-13.0,19.0,17.0,0.0158430265277926,2346.0,13.0,10.0,15.280924928376118,0.6838709677419355,0.0387096774193548,0.0,Quick,Mixed-format player,2,3,6,8,1.0,0.8434188986957141,2116.9863267577243,0.3161097600307754,7,3,False,0.3677804799384491,NJ,1,False,False,False,17,9,150.55960449100607,900.9629417875195,0.7741935483870968,Multi-state competitor,approximate (city-level)
13377996,2025-10-28,2307.0,94,0.7127659574468085,3,3,23,60,84,94,19,31,0.6956521739130435,0.7166666666666667,0.8,0.0039007092198581,0.0333333333333333,0.0,0.0,598.25,600.8833333333333,0,0,0,2,0.0,0.0,0.0,0.0,-2.0,-3.0,38.0,,0.2943238100568049,2324.0,17.0,19.0,21.499679438747123,1.0,0.0,0.0,Regular,Regular specialist,13,19,28,28,1.0,0.8634093505061246,1822.629787762681,0.2801424832093503,9,2,False,0.4397150335812992,PA,1,False,True,False,6,2,68.4513523695738,2395.797332935083,0.02857142857142857,Regional traveler,approximate (state-level)
31749023,2025-10-28,2297.0,7,0.4285714285714285,212,212,0,0,0,6,0,1,,,,,,,,,,0,0,0,1,,0.0,0.0,0.0,0.0,0.0,0.0,-23.0,,2297.0,0.0,,0.0,1.0,0.0,0.0,Regular,Regular specialist,0,0,0,1,0.9625,0.9625,1845.7407407407409,0.3751243547859205,1,1,False,0.2497512904281589,CA,1,True,True,True,2,1,181.16049535140235,198.17302642039274,0.0,Multi-state competitor,approximate (city-level)
30136614,2025-10-28,2295.0,118,0.635593220338983,652,652,0,0,0,0,0,0,,,,,,,,,,3,1,2,21,0.6666666666666666,0.5,0.0,0.0,0.0,0.0,0.0,0.0,,2295.0,0.0,,,0.923728813559322,0.0,0.0,Regular,Regular specialist,0,0,0,0,,,,0.4346445040622056,10,3,False,0.1307109918755887,CA,1,True,False,True,9,2,206.75800591097027,275.3657912584673,0.02631578947368421,Multi-state competitor,approximate (city-level)
16722325,2025-10-28,2285.0,31,0.3225806451612903,107,107,0,0,8,8,0,1,,,,,,,,,,2,0,1,1,0.4090909090909091,0.1818181818181818,0.0,0.0,0.0,0.0,138.0,138.0,,2285.0,0.0,,0.0,0.6774193548387096,0.3225806451612903,0.0,Regular,Mixed-format player,0,0,0,0,0.1111111111111111,0.1111111111111111,2349.222222222222,0.4398619558144967,3,4,False,0.1202760883710065,NY,1,True,False,True,1,1,111.61614841039955,111.61614841039955,0.0,Multi-state competitor,approximate (city-level)
16967853,2025-10-28,2260.0,64,0.65625,10,10,3,18,45,64,5,21,1.0,0.6666666666666666,0.8333333333333334,0.0104166666666666,0.0,0.0,0.0,251.55555555555557,251.55555555555557,1,0,2,2,0.5,0.25,0.0,0.25,-24.0,-34.0,-32.0,,-0.1604353752822527,2303.0,43.0,12.0,9.306175944730771,0.71875,0.28125,0.0,Quick,Regular specialist,3,10,14,17,1.0,0.8425784006848697,1955.8442743218463,0.2677391939905585,5,1,False,0.464521612018883,NC,1,False,True,False,4,4,112.18009592343084,790.1812134616874,0.16,Multi-state competitor,approximate (city-level)
15013917,2025-10-28,2253.0,79,0.4936708860759494,17,17,7,10,10,16,3,4,0.4285714285714285,0.6,0.75,0.1063291139240505,0.2,0.1,0.0,156.5,181.3,3,0,2,3,0.3260869565217391,0.1304347826086956,0.0,0.0,7.0,-8.0,-8.0,6.0,0.6760736196318715,2261.0,8.0,23.0,11.604596790352806,1.0,0.0,0.0,Regular,Regular specialist,1,1,1,2,1.0,0.7057662538699689,2067.650662227237,0.3280314415724517,6,2,False,0.3439371168550966,NC,1,False,False,False,4,3,249.30307147437708,2333.8415333775893,0.11538461538461539,Multi-state competitor,approximate (city-level)
15078846,2025-10-28,2235.0,142,0.704225352112676,0,0,29,68,136,142,19,39,0.7241379310344828,0.6470588235294118,0.7352941176470589,-0.0571665285832642,0.0735294117647058,0.0147058823529411,0.0147058823529411,215.52941176470588,228.11764705882356,0,0,0,20,0.0,0.0,0.0,0.0,90.0,-23.0,-39.0,,-0.4565961194810826,2284.0,49.0,90.0,32.51107784738798,0.4084507042253521,0.5915492957746479,0.0,Regular,Mixed-format player,11,25,35,38,1.0,0.8808036183036183,2000.552396259688,0.3812172155667453,10,2,False,0.2375655688665093,MN,1,False,True,False,6,1,0.0,0.0,0.0,Local grinder,approximate (state-level)
16580302,2025-10-28,2230.0,52,0.5961538461538461,443,443,0,0,0,0,0,0,,,,,,,,,,1,1,0,5,0.3333333333333333,0.3333333333333333,0.0,0.0,0.0,0.0,0.0,0.0,,2230.0,0.0,,,0.0961538461538461,0.903846153846154,0.0,Regular,Quick specialist,0,0,0,0,,,,0.4020710717707917,5,3,False,0.1958578564584164,NY,1,True,True,True,6,2,93.79561695557717,119.8197656593617,0.0625,Regional traveler,approximate (city-level)
13750498,2025-10-28,2225.0,48,0.4791666666666667,883,883,0,0,0,0,0,0,,,,,,,,,,2,1,0,3,0.2272727272727272,0.1818181818181818,0.0,0.0,0.0,0.0,0.0,0.0,,2225.0,0.0,,,0.6666666666666666,0.0,0.0,Regular,Mixed-format player,0,0,0,0,,,,0.3758289442569159,4,2,False,0.2483421114861682,NJ,1,True,False,True,7,3,2240.8384621687114,2545.076632208026,1.0,Tournament road warrior,approximate (city-level)
16636182,2025-10-28,2215.0,15,0.6666666666666666,122,122,0,0,7,15,0,4,,,,,,,,,,0,0,0,0,0.0,0.0,0.0,0.0,0.0,0.0,20.0,,0.2040816326530528,2215.0,0.0,,239.6863029243094,1.0,0.0,0.0,Regular,Regular specialist,0,1,4,4,1.0,0.8802216538789429,1951.6514423076924,0.28989334928473,4,1,False,0.4202133014305399,CA,1,True,True,True,4,1,153.0529410608586,189.69656981268233,0.0,Multi-state competitor,approximate (city-level)
14835271,2025-10-28,2207.0,78,0.3846153846153846,450,450,0,0,0,0,0,0,,,,,,,,,,2,0,1,1,0.1590909090909091,0.0909090909090909,0.0,0.0,0.0,0.0,0.0,0.0,,2207.0,0.0,,,0.8205128205128205,0.0,0.0,Regular,Regular specialist,0,0,0,0,,,,0.3081732924210268,3,4,False,0.3836534151579462,VA,1,True,False,True,5,3,40.12860098399509,262.4422381436287,0.14285714285714285,Regional traveler,approximate (state-level)
10164176,2025-10-28,2204.0,158,0.6582278481012658,20,20,16,35,69,140,8,32,0.6875,0.6571428571428571,0.7857142857142857,-0.0010849909584086,0.0571428571428571,0.0285714285714285,0.0285714285714285,326.74285714285713,347.8285714285714,0,0,0,8,0.2,0.0,0.0,0.0,-10.0,-12.0,4.0,4.0,0.0898196454881933,2226.0,22.0,26.0,7.272779360740314,0.7848101265822784,0.0569620253164556,0.0,Regular,Regular specialist,6,19,24,26,1.0,0.9094030838961822,1775.7734898345009,0.266909174501724,13,2,False,0.4661816509965519,PA,1,False,False,False,16,8,72.77864639203553,680.9667056919851,0.16279069767441862,Regional traveler,approximate (state-level)
10099463,2025-10-28,2200.0,18,0.2777777777777778,464,464,0,0,0,0,0,0,,,,,,,,,,0,0,0,5,0.0,0.0,0.0,0.0,0.0,0.0,0.0,0.0,,2200.0,0.0,,,0.1666666666666666,0.8333333333333334,0.0,Quick,Quick specialist,0,0,0,0,,,,0.4421508876733458,1,3,False,0.1156982246533082,FL,1,True,True,True,4,3,999.8188860780083,1080.5473929811608,1.0,Tournament road warrior,approximate (city-level)
13315303,2025-10-28,2200.0,38,0.5526315789473685,604,604,0,0,0,0,0,0,,,,,,,,,,1,0,0,1,0.25,0.25,0.0,0.0,0.0,0.0,0.0,0.0,,2200.0,0.0,,,1.0,0.0,0.0,Regular,Regular specialist,0,0,0,0,,,,0.2891719655350613,9,1,False,0.4216560689298773,CA,1,True,True,True,2,1,99.08651321019637,198.17302642039274,0.0,Regional traveler,approximate (city-level)
14988052,2025-10-28,2196.0,32,0.4375,102,102,0,0,1,4,0,2,,,,,,,,,,2,2,0,3,0.4285714285714285,0.2857142857142857,0.0,0.0,0.0,0.0,-43.0,-54.0,,2239.0,43.0,,21.5,0.875,0.125,0.0,Regular,Regular specialist,0,0,0,0,0.6842105263157895,0.3830888697152718,1824.682258064516,0.3796733077058768,6,2,False,0.2406533845882463,NY,1,True,False,True,5,4,126.44278205330178,250.4185182000363,0.15,Multi-state competitor,approximate (city-level)
12600678,2025-10-28,2188.0,9,0.3333333333333333,514,514,0,0,0,0,0,0,,,,,,,,,,0,0,0,1,0.0,0.0,0.0,0.0,0.0,0.0,0.0,0.0,,2188.0,0.0,,,0.4444444444444444,0.5555555555555556,0.0,Quick,Mixed-format player,0,0,0,0,,,,0.3434841885074055,1,2,False,0.3130316229851889,NY,1,True,True,True,1,1,111.61614841039955,111.61614841039955,0.0,Multi-state competitor,approximate (city-level)
17154490,2025-10-28,2182.0,116,0.5517241379310345,10,10,10,13,37,82,3,20,0.5,0.4615384615384615,0.6538461538461539,-0.0901856763925729,0.2307692307692307,0.0769230769230769,0.0769230769230769,143.46153846153845,211.30769230769232,3,0,1,6,0.375,0.25,0.0,0.2222222222222222,0.0,-83.0,-24.0,58.0,-0.2744645307391863,2265.0,83.0,4.0,33.10409885551686,0.7241379310344828,0.0,0.0,Unknown,Regular specialist,1,5,13,15,1.0,0.8166633069540046,2063.011095931704,0.3385014126629524,6,2,False,0.322997174674095,DE,1,False,False,False,10,5,128.64063292802473,198.8868165582667,1.0,Multi-state competitor,approximate (state-level)
15933472,2025-10-28,2171.0,97,0.5876288659793815,72,72,0,6,6,6,1,1,,0.3333333333333333,0.5,-0.2542955326460481,0.0,0.0,0.0,110.16666666666669,110.16666666666669,7,2,0,5,0.3541666666666667,0.2916666666666667,0.0,0.0,0.0,3.0,3.0,3.0,,2171.0,0.0,0.0,0.0,1.0,0.0,0.0,Regular,Regular specialist,0,0,0,0,0.4081632653061224,0.4081632653061224,2148.94,0.3615047495274232,9,2,False,0.2769905009451536,NJ,1,True,False,False,10,4,51.18604935803822,262.4422381436287,0.36,Regional traveler,approximate (state-level)
12451516,2025-10-28,2168.0,15,0.6666666666666666,17,17,6,15,15,15,4,4,0.5,0.6666666666666666,0.6666666666666666,0.0,0.4666666666666667,0.2666666666666666,0.0666666666666666,124.93333333333334,259.8666666666667,1,0,0,1,0.25,0.25,0.25,0.25,5.0,,,,0.544038363316479,2168.0,0.0,26.0,10.321959946776444,1.0,0.0,0.0,Regular,Regular specialist,1,1,1,1,1.0,0.6709176788124156,1866.4611114479749,0.430194854192075,5,2,False,0.13961029161585,SC,1,False,True,True,5,4,1291.0544056228946,2307.9488433378765,0.6,Tournament road warrior,approximate (city-level)
17137475,2025-10-28,2160.0,70,0.4,58,58,0,9,13,26,2,6,,0.4444444444444444,0.6666666666666666,0.0444444444444444,0.3333333333333333,0.1111111111111111,0.1111111111111111,33.666666666666664,172.77777777777777,1,0,2,3,0.2916666666666667,0.0833333333333333,0.0,0.0,0.0,98.0,87.0,79.0,0.8424538166608606,2160.0,0.0,5.0,49.65829390792795,1.0,0.0,0.0,Regular,Regular specialist,0,0,2,4,0.8979591836734694,0.7279806659505907,2021.9696570294784,0.3242356893184915,4,3,False,0.3515286213630169,IN,1,True,False,False,9,5,96.08571028488471,479.9023734425451,0.4,Regional traveler,approximate (city-level)
16741147,2025-10-28,2155.0,21,0.4285714285714285,198,198,0,0,0,4,0,1,,,,,,,,,,3,1,1,1,0.4,0.3,0.0,0.0,0.0,0.0,0.0,49.0,,2155.0,0.0,,0.0,0.4285714285714285,0.1904761904761904,0.0,Regular,Mixed-format player,0,0,1,1,0.9166666666666666,0.9166666666666666,1333.8461538461538,0.3886320836853989,4,2,False,0.2227358326292021,NJ,1,True,False,True,6,5,458.8439901014563,2442.272703272797,0.6666666666666666,Multi-state competitor,approximate (state-level)
15613715,2025-10-28,2154.0,141,0.5673758865248227,492,492,0,0,0,0,0,0,,,,,,,,,,4,2,2,11,0.2586206896551724,0.1379310344827586,0.0,0.0,0.0,0.0,0.0,0.0,,2154.0,0.0,,,0.9361702127659576,0.0638297872340425,0.0,Quick,Regular specialist,0,0,0,0,,,,0.3614337493794672,14,5,True,0.2771325012410655,IL,1,True,False,True,12,4,92.62845962243999,567.8614286879044,0.10810810810810811,Regional traveler,approximate (city-level)
13589163,2025-10-28,2144.0,28,0.6428571428571429,121,121,0,0,3,3,0,1,,,,,,,,,,1,0,0,2,0.4166666666666667,0.1666666666666666,0.0,0.0,0.0,0.0,-62.0,-62.0,,2144.0,0.0,,0.0,1.0,0.0,0.0,Regular,Regular specialist,0,0,1,1,0.6666666666666667,0.6666666666666667,2014.25,0.3505204010089548,4,1,False,0.2989591979820903,NJ,1,True,False,True,4,4,170.5956386602086,955.7763401963881,0.5,Multi-state competitor,approximate (state-level)
30387428,2025-10-28,2140.0,97,0.422680412371134,37,37,0,23,40,67,4,14,,0.391304347826087,0.6304347826086957,-0.031376064545047,0.6086956521739131,0.3043478260869565,0.0869565217391304,-4.304347826086956,135.52173913043478,4,0,7,6,0.4032258064516129,0.1290322580645161,0.1428571428571428,0.1052631578947368,0.0,58.0,74.0,109.0,0.2863636623692102,2140.0,0.0,39.0,33.4085289337598,0.979381443298969,0.0206185567010309,0.0,Regular,Regular specialist,1,1,3,5,1.0,0.7858919070760033,1996.2631445212012,0.3715733826037637,3,4,False,0.2568532347924724,IL,1,False,False,False,12,6,173.37542574516337,738.9908199798672,0.3333333333333333,Multi-state competitor,approximate (state-level)
13507472,2025-10-28,2138.0,6,0.3333333333333333,785,785,0,0,0,0,0,0,,,,,,,,,,0,0,1,0,0.25,0.0,0.0,0.0,0.0,0.0,0.0,0.0,,2138.0,0.0,,,1.0,0.0,0.0,Regular,Regular specialist,0,0,0,0,,,,0.2876731788269307,2,1,False,0.4246536423461385,TX,1,True,True,True,1,1,158.36710316734803,158.36710316734803,0.0,Multi-state competitor,approximate (city-level)
14946257,2025-10-28,2136.0,54,0.5370370370370371,1529,1529,0,0,0,0,0,0,,,,,,,,,,1,0,0,6,0.2,0.2,0.0,0.0,0.0,0.0,0.0,0.0,,2136.0,0.0,,,0.5370370370370371,0.4629629629629629,0.0,Quick,Mixed-format player,0,0,0,0,,,,0.3829595841289611,4,2,False,0.2340808317420778,CT,1,True,False,True,8,4,383.6900646239329,1553.3841105252247,0.6153846153846154,Multi-state competitor,approximate (city-level)
14737573,2025-10-28,2133.0,125,0.72,87,87,0,3,11,33,1,9,,1.0,1.0,0.28,0.3333333333333333,0.0,0.0,308.0,352.6666666666667,4,1,0,10,0.5,0.4,0.0,0.0,0.0,15.0,39.0,0.0,0.627747252747233,2133.0,0.0,0.0,14.253255874722203,0.96,0.04,0.0,Quick,Regular specialist,0,5,9,9,1.0,0.924106562703054,1679.424416478583,0.3258624486733454,15,2,False,0.3482751026533092,TX,1,True,False,True,14,3,211.1401751450816,1471.4998830442617,0.11627906976744186,Multi-state competitor,approximate (city-level)
31004023,2025-10-28,2125.0,92,0.6739130434782609,114,114,0,0,5,11,0,2,,,,,,,,,,5,0,4,1,0.4318181818181818,0.2272727272727272,0.0,0.0,0.0,0.0,11.0,60.0,,2125.0,0.0,,5.744562646538029,0.4782608695652174,0.5217391304347826,0.0,Quick,Mixed-format player,0,0,1,1,0.9230769230769232,0.8837606837606837,2003.151098901099,0.289556031567064,15,3,False,0.4208879368658719,NY,1,True,False,True,4,2,109.03981675799984,250.4185182000363,0.03333333333333333,Multi-state competitor,approximate (city-level)
14958088,2025-10-28,2119.0,124,0.4435483870967742,163,163,0,0,4,39,0,9,,,,,,,,,,3,2,5,6,0.2068965517241379,0.1034482758620689,0.0,0.0,0.0,0.0,23.0,59.0,,2131.0,12.0,,23.854824073527507,0.782258064516129,0.032258064516129,0.0,Regular,Regular specialist,0,1,2,3,1.0,0.6824156690057073,1964.7338036687163,0.3632722483162267,6,4,False,0.2734555033675466,MA,1,True,False,True,9,3,17.450340908928,76.66612351614482,0.08333333333333333,Local grinder,approximate (state-level)
16024663,2025-10-28,2111.0,38,0.3947368421052631,108,108,0,0,3,3,0,1,,,,,,,,,,2,0,2,2,0.25,0.1666666666666666,0.0,0.0,0.0,0.0,22.0,22.0,,2111.0,0.0,,0.0,0.8947368421052632,0.0,0.0,Regular,Regular specialist,0,0,1,1,0.6666666666666667,0.6666666666666667,2111.5,0.3651144015697873,4,1,False,0.2697711968604253,VA,1,True,False,True,5,2,34.36244503759964,116.11971555046728,0.1111111111111111,Regional traveler,approximate (state-level)
16899496,2025-10-28,2110.0,25,0.32,38,38,0,2,13,16,1,5,,0.0,0.0,-0.32,0.0,0.0,0.0,83.0,83.0,1,0,2,0,0.3125,0.125,0.0,0.0,0.0,-3.0,25.0,85.0,0.1188242541582191,2113.0,3.0,0.0,11.3754120804479,0.92,0.08,0.0,Regular,Regular specialist,0,1,2,2,1.0,0.449644746787604,2109.276095238095,0.4152708883021173,2,3,False,0.1694582233957654,NY,1,True,False,True,5,4,159.97750535997008,348.32773852944086,0.75,Multi-state competitor,approximate (state-level)
17035355,2025-10-28,2097.0,62,0.4032258064516129,16,16,8,20,39,62,5,15,0.25,0.35,0.55,-0.0532258064516129,0.55,0.35,0.05,25.0,157.9,0,0,1,4,0.2272727272727272,0.0,0.0,0.0,27.0,86.0,460.0,,0.0823840173403334,2097.0,0.0,443.0,146.93471211574644,0.935483870967742,0.064516129032258,0.0,Regular,Regular specialist,1,4,4,6,1.0,0.677477131920261,1812.2680839630975,0.3284809672256027,7,4,False,0.3430380655487945,TX,1,False,False,False,10,9,1098.7328101278697,1466.594190842496,0.8333333333333334,Tournament road warrior,approximate (city-level)
12893979,2025-10-28,2096.0,49,0.5714285714285714,129,129,0,0,2,16,0,6,,,,,,,,,,3,0,0,3,0.4285714285714285,0.4285714285714285,0.0,0.0,0.0,0.0,-19.0,-38.0,,2160.0,64.0,,21.753831080218184,0.3469387755102041,0.6530612244897959,0.0,Regular,Mixed-format player,0,1,2,4,1.0,0.6209346209346208,2128.2321428571427,0.4470582591616536,4,2,False,0.1058834816766927,NY,1,True,False,True,2,2,116.48759553200956,199.30219659937993,0.05555555555555555,Multi-state competitor,approximate (city-level)
13011217,2025-10-28,2093.0,73,0.7397260273972602,114,114,0,0,6,14,0,5,,,,,,,,,,0,0,0,4,0.0,0.0,0.0,0.0,0.0,0.0,-43.0,-143.0,-2.976744186046514,2237.0,144.0,,57.16104106281318,0.863013698630137,0.136986301369863,0.0,Regular,Regular specialist,0,2,4,4,1.0,0.7461904761904762,1603.062976190476,0.2682780615503718,8,3,False,0.4634438768992562,IA,1,True,False,True,10,4,1246.3652619845975,1561.6925600844609,0.9347826086956522,Tournament road warrior,approximate (city-level)
16094104,2025-10-28,2088.0,27,0.7777777777777778,488,488,0,0,0,0,0,0,,,,,,,,,,9,7,1,1,0.7307692307692307,0.6923076923076923,0.0,0.0,0.0,0.0,0.0,0.0,,2088.0,0.0,,,0.6666666666666666,0.3333333333333333,0.0,Regular,Mixed-format player,0,0,0,0,,,,0.4542272456279134,8,1,False,0.0915455087441732,NJ,1,True,False,True,8,6,616.9792204083469,2442.272703272797,0.75,Tournament road warrior,approximate (city-level)
15361305,2025-10-28,2085.0,93,0.4516129032258064,3,3,8,19,45,84,6,27,0.75,0.5789473684210527,0.631578947368421,0.1273344651952462,0.2105263157894736,0.2105263157894736,0.2105263157894736,86.10526315789474,220.42105263157896,5,1,1,3,0.2413793103448276,0.1724137931034483,0.0,0.125,4.0,12.0,10.0,54.0,0.2089053476652459,2120.0,35.0,37.0,19.50704522832389,0.0,1.0,0.0,Quick,Quick specialist,1,2,5,11,1.0,0.6304994662210633,1951.3464351419805,0.3466305161400249,6,3,False,0.3067389677199501,TX,1,False,False,False,2,2,1471.942204541776,1485.6541709647126,1.0,Tournament road warrior,approximate (city-level)
16024505,2025-10-28,2081.0,87,0.2988505747126437,297,297,0,0,0,6,0,2,,,,,,,,,,7,2,4,2,0.2352941176470588,0.1372549019607843,0.0,0.0,0.0,0.0,0.0,-29.0,,2108.0,27.0,,14.788509052639483,0.8850574712643678,0.057471264367816,0.0,Quick,Regular specialist,0,0,0,2,0.0,0.0,2187.625,0.3740041547376734,5,4,False,0.2519916905246531,PA,1,True,False,True,8,3,74.4780453434562,2257.3710486806626,0.0625,Regional traveler,approximate (state-level)
16299917,2025-10-28,2075.0,23,0.5652173913043478,100,100,0,0,8,23,0,5,,,,,,,,,,0,0,2,2,0.3333333333333333,0.0,0.0,0.0,0.0,0.0,-5.0,,-0.0641025641025722,2080.0,5.0,,16.270320222973574,1.0,0.0,0.0,Regular,Regular specialist,0,0,3,4,0.9655172413793104,0.8876678327502916,1653.7695547848089,0.3013754245581089,5,1,False,0.3972491508837822,TX,1,True,True,True,8,3,239.62563270369463,1466.594190842496,0.16,Multi-state competitor,approximate (city-level)
15578961,2025-10-28,2066.0,85,0.5176470588235295,495,495,0,0,0,0,0,0,,,,,,,,,,11,4,5,1,0.3522727272727273,0.25,0.0,0.0,0.0,0.0,0.0,0.0,,2066.0,0.0,,,0.2,0.8,0.0,Regular,Quick specialist,0,0,0,0,,,,0.3286407211695186,4,3,False,0.3427185576609627,NY,1,True,False,True,3,3,163.05881925372998,738.9908199798672,0.15384615384615385,Multi-state competitor,approximate (city-level)
14176605,2025-10-28,2066.0,90,0.5777777777777777,105,105,0,0,3,3,0,1,,,,,,,,,,3,0,0,5,0.2857142857142857,0.2142857142857142,0.0,0.3333333333333333,0.0,0.0,-6.0,-6.0,,2066.0,0.0,,0.0,0.5888888888888889,0.3444444444444444,0.0,Regular,Mixed-format player,0,0,0,0,0.4137931034482759,0.4137931034482759,2194.6666666666665,0.3659000014029357,5,3,False,0.2681999971941284,NY,1,True,False,True,3,2,110.99187002869051,115.1861371399849,0.045454545454545456,Multi-state competitor,approximate (city-level)
14243948,2025-10-28,2065.0,10,0.8,460,460,0,0,0,0,0,0,,,,,,,,,,0,0,0,1,0.0,0.0,0.0,0.0,0.0,0.0,0.0,0.0,,2065.0,0.0,,,0.0,1.0,0.0,Quick,Quick specialist,0,0,0,0,,,,0.3302130307944917,7,2,False,0.3395739384110164,NY,1,True,True,True,2,1,22.32322968207991,111.61614841039955,0.0,Local grinder,approximate (state-level)
16180893,2025-10-28,2052.0,64,0.515625,119,119,0,0,16,31,0,7,,,,,,,,,,0,0,0,5,0.0277777777777777,0.0,0.0,0.0,0.0,0.0,15.0,102.0,0.1299265892643347,2052.0,0.0,,30.88222511343685,0.9375,0.0625,0.0,Regular,Regular specialist,0,2,3,4,1.0,0.6967120181405895,1611.4435928037674,0.310268334121449,13,9,False,0.379463331757102,VA,1,True,False,True,7,2,63.25044397952241,1231.688178676006,0.047619047619047616,Regional traveler,approximate (state-level)
16378945,2025-10-28,2049.0,101,0.504950495049505,17,17,6,26,57,101,7,26,0.6666666666666666,0.6153846153846154,0.6923076923076923,0.1104341203351104,0.1538461538461538,0.0384615384615384,0.0,193.0,216.07692307692307,2,0,1,4,0.2307692307692307,0.1538461538461538,0.0,0.1538461538461538,14.0,32.0,69.0,,0.6766070219762611,2053.0,4.0,29.0,31.47328271331853,0.7722772277227723,0.2277227722772277,0.0,Regular,Regular specialist,3,8,14,22,1.0,0.6558430847904533,1752.550253722369,0.3753761745545445,5,4,False,0.249247650890911,TN,1,False,False,False,8,6,128.2098321778867,608.6090524683793,0.25,Multi-state competitor,approximate (city-level)
15216206,2025-10-28,2043.0,47,0.4468085106382978,38,38,0,8,15,19,2,5,,0.375,0.4375,-0.0718085106382978,0.625,0.625,0.25,38.0,320.25,5,2,4,5,0.35,0.25,0.0,0.0,0.0,-11.0,-62.0,-71.0,-0.2193181474422958,2105.0,62.0,0.0,23.65566831173564,1.0,0.0,0.0,Regular,Regular specialist,0,0,0,1,0.8113207547169812,0.3840139065641196,1938.743558744201,0.4395649560287097,4,5,False,0.1208700879425804,PA,1,True,False,False,4,2,50.68267108269525,118.25956585962224,0.42857142857142855,Regional traveler,approximate (state-level)
14490864,2025-10-28,2034.0,147,0.4557823129251701,5,5,8,35,52,84,9,22,0.625,0.3714285714285714,0.4857142857142857,-0.0843537414965986,0.5714285714285714,0.4571428571428571,0.2285714285714285,59.51428571428571,259.4,5,1,3,6,0.2115384615384615,0.0961538461538461,0.0625,0.0588235294117647,47.0,7.0,14.0,-23.0,-0.2989121518953368,2102.0,68.0,67.0,33.232288041078505,0.3673469387755102,0.6326530612244898,0.0,Regular,Mixed-format player,0,1,3,8,1.0,0.6036021962684357,1970.078756940774,0.3549407073657181,5,4,False,0.2901185852685637,NJ,1,False,False,False,3,2,39.734650929035,50.17631486435805,0.85,Regional traveler,approximate (city-level)
15545322,2025-10-28,2033.0,36,0.4444444444444444,192,192,0,0,0,2,0,1,,,,,,,,,,5,2,1,0,0.3421052631578947,0.2631578947368421,0.0,0.0,0.0,0.0,0.0,27.0,,2033.0,0.0,,0.0,0.25,0.75,0.0,Regular,Quick specialist,0,1,1,1,1.0,1.0,2082.833333333333,0.3930677634512133,4,5,False,0.2138644730975734,NY,1,True,False,True,2,1,103.6435663810853,111.61614841039955,0.0,Multi-state competitor,approximate (city-level)
16242623,2025-10-28,2030.0,21,0.5238095238095238,93,93,0,0,6,14,0,4,,,,,,,,,,1,0,1,1,0.2142857142857142,0.1428571428571428,0.0,0.2,0.0,0.0,-25.0,25.0,0.0952380952381141,2055.0,25.0,,12.107576412866722,0.8095238095238095,0.1904761904761904,0.0,Regular,Regular specialist,0,1,1,3,1.0,0.6647727272727273,1777.428088235294,0.361146209299744,5,3,False,0.2777075814005119,NJ,1,True,False,True,6,4,130.02363558931546,262.4422381436287,0.6,Multi-state competitor,approximate (state-level)
16082850,2025-10-28,2016.0,19,0.4736842105263157,113,113,0,0,5,7,0,2,,,,,,,,,,0,0,0,1,0.0,0.0,0.0,0.0,0.0,0.0,24.0,264.0,,2016.0,0.0,,11.710800875382398,0.8947368421052632,0.1052631578947368,0.0,Regular,Regular specialist,0,0,0,1,0.6944444444444444,0.3472222222222222,2085.618243243244,0.3361126550595717,4,3,False,0.3277746898808565,NY,1,True,True,True,1,1,111.61614841039955,111.61614841039955,0.0,Multi-state competitor,approximate (city-level)
14337717,2025-10-28,2011.0,34,0.5294117647058824,7,7,3,7,7,10,3,4,0.3333333333333333,0.2857142857142857,0.3571428571428571,-0.2436974789915966,0.7142857142857143,0.5714285714285714,0.1428571428571428,-110.57142857142856,130.57142857142858,2,0,0,1,0.2272727272727272,0.1818181818181818,0.5,0.5,-3.0,-19.0,-19.0,-45.0,-1.457340241796225,2082.0,71.0,0.0,27.84979553086721,0.1176470588235294,0.8823529411764706,0.0,Quick,Quick specialist,0,0,1,3,0.7857142857142857,0.4255952380952381,2100.5684523809523,0.3564776339252954,5,4,False,0.2870447321494092,NY,1,True,False,False,1,1,111.61614841039955,111.61614841039955,0.0,Multi-state competitor,approximate (city-level)
17163748,2025-10-28,2009.0,98,0.6530612244897959,140,140,0,0,5,32,0,7,,,,,,,,,,8,4,0,12,0.4,0.4,0.0,0.3333333333333333,0.0,0.0,6.0,97.0,,2009.0,0.0,,41.32013831832078,0.336734693877551,0.6632653061224489,0.0,Quick,Mixed-format player,0,1,3,4,1.0,0.7987139264785207,1755.1297386723024,0.411925133480532,8,3,False,0.1761497330389358,NY,1,True,False,True,1,1,111.61614841039955,111.61614841039955,0.0,Multi-state competitor,approximate (city-level)
15926151,2025-10-28,2007.0,106,0.5377358490566038,142,142,0,0,4,4,0,1,,,,,,,,,,2,0,4,4,0.24,0.08,0.0,0.25,0.0,0.0,61.0,61.0,,2007.0,0.0,,0.0,1.0,0.0,0.0,Regular,Regular specialist,0,0,0,0,0.5483870967741935,0.5483870967741935,2110.125,0.3425586250146626,6,2,False,0.3148827499706746,NY,1,True,False,True,1,1,111.61614841039955,111.61614841039955,0.0,Multi-state competitor,approximate (city-level)
32215714,2025-10-28,2006.0,22,0.3181818181818182,17,17,6,12,19,22,4,7,0.0,0.1666666666666666,0.1666666666666666,-0.1515151515151515,0.4166666666666667,0.0833333333333333,0.0,32.333333333333336,68.83333333333333,1,1,0,3,0.375,0.25,0.0,0.25,-90.0,34.0,286.0,,0.7337428911386268,2096.0,90.0,24.0,118.31522939374078,0.4545454545454545,0.5454545454545454,0.0,Quick,Mixed-format player,0,1,2,4,1.0,0.3681472589035613,1946.3627899877904,0.4565939051064897,3,6,False,0.0868121897870206,PA,1,False,True,False,4,2,84.07151488035093,168.14302976070186,0.5,Regional traveler,approximate (city-level)
16771771,2025-10-28,2005.0,71,0.5352112676056338,875,875,0,0,0,0,0,0,,,,,,,,,,3,2,6,4,0.2142857142857142,0.1071428571428571,0.0,0.0,0.0,0.0,0.0,0.0,,2005.0,0.0,,,0.3943661971830985,0.6056338028169014,0.0,Regular,Mixed-format player,0,0,0,0,,,,0.3634053241053734,6,3,False,0.2731893517892531,NY,1,True,False,True,7,3,222.3994718290028,1463.6209947196405,0.12,Multi-state competitor,approximate (city-level)
30994349,2025-10-28,2004.0,16,0.625,29,29,5,5,5,16,1,3,0.6,0.6,0.7,-0.025,0.6,0.2,0.0,19.2,90.4,2,0,0,1,0.6666666666666666,0.6666666666666666,0.0,0.6666666666666666,-130.0,-130.0,-130.0,,,2134.0,130.0,0.0,61.71642136957284,1.0,0.0,0.0,Regular,Regular specialist,0,0,2,2,0.9615384615384616,0.8465959328028294,2006.225925925926,0.4455828653572559,3,2,False,0.1088342692854881,NY,1,True,True,True,1,1,111.61614841039955,111.61614841039955,0.0,Multi-state competitor,approximate (city-level)
17080545,2025-10-28,2001.0,4,0.25,163,163,0,0,4,4,0,1,,,,,,,,,,0,0,1,0,0.25,0.0,0.0,0.0,0.0,0.0,,,,2001.0,0.0,,0.0,1.0,0.0,0.0,,Regular specialist,0,0,0,0,0.6666666666666667,0.6666666666666667,2074.212121212121,0.2728239004362899,1,1,False,0.4543521991274201,NY,1,True,True,True,2,2,59.71094607377166,119.42189214754332,0.5,Regional traveler,approximate (state-level)
13688407,2025-10-28,1979.0,20,0.5,345,345,0,0,0,4,0,1,,,,,,,,,,3,1,2,1,0.5,0.3,0.0,0.5,0.0,0.0,0.0,12.0,,1979.0,0.0,,0.0,0.85,0.15,0.0,Regular,Regular specialist,0,0,1,1,0.9583333333333334,0.9583333333333334,1829.64,0.3834510299940709,3,3,False,0.2330979400118582,NY,1,True,False,True,2,2,110.46539764797811,111.61614841039955,0.2,Multi-state competitor,approximate (city-level)
30045956,2025-10-28,1978.0,47,0.723404255319149,31,31,0,14,14,43,4,13,,0.7857142857142857,0.8571428571428571,0.0623100303951367,0.1428571428571428,0.0,0.0,278.85714285714283,298.2857142857143,1,1,0,1,0.25,0.25,0.0,0.3333333333333333,0.0,22.0,22.0,115.0,0.5791693705386203,1978.0,0.0,32.0,47.06625710782125,1.0,0.0,0.0,Regular,Regular specialist,2,6,10,12,1.0,0.919934640522876,1641.5932079969452,0.3066766351736248,7,1,False,0.3866467296527502,TX,1,False,True,False,5,2,478.6202735928854,1466.594190842496,0.2631578947368421,Multi-state competitor,approximate (city-level)
30163816,2025-10-28,1978.0,43,0.3023255813953488,24,24,3,14,30,43,3,13,0.0,0.3571428571428571,0.5714285714285714,0.0548172757475083,0.4285714285714285,0.2857142857142857,0.1428571428571428,62.21428571428572,203.5,0,0,0,0,0.2222222222222222,0.0,0.0,0.0,0.0,-2.0,-42.0,,-0.0016473168632535,2020.0,42.0,1.0,15.756662884290234,0.9302325581395348,0.0697674418604651,0.0,Regular,Regular specialist,0,2,6,7,1.0,0.5475118340652165,1990.253307335452,0.2941378762042212,3,3,False,0.4117242475915574,NY,1,False,False,False,9,5,232.74251983058434,751.6728269366159,0.6190476190476191,Multi-state competitor,approximate (city-level)
16728896,2025-10-28,1977.0,83,0.4337349397590361,311,311,0,0,0,3,0,1,,,,,,,,,,1,0,0,2,0.0833333333333333,0.0555555555555555,0.0,0.0,0.0,0.0,0.0,-15.0,,1977.0,0.0,,0.0,0.7710843373493976,0.2289156626506024,0.0,Quick,Regular specialist,0,0,0,0,0.0909090909090909,0.0909090909090909,2047.0833333333333,0.3624381895998009,4,6,False,0.2751236208003981,NC,1,True,False,True,4,2,67.75230462706672,154.20807501252798,0.03333333333333333,Regional traveler,approximate (city-level)
14793323,2025-10-28,1974.0,44,0.3409090909090909,13,13,11,18,38,44,5,11,0.2727272727272727,0.3333333333333333,0.5277777777777778,-0.0075757575757575,0.5555555555555556,0.4444444444444444,0.3333333333333333,-111.16666666666669,195.27777777777777,1,1,4,3,0.2352941176470588,0.0588235294117647,0.125,0.0588235294117647,10.0,75.0,127.0,,0.7966532668602869,1978.0,4.0,105.0,50.97084935670351,1.0,0.0,0.0,Regular,Regular specialist,0,0,2,6,0.9411764705882352,0.5305187781396035,1976.042532949819,0.4012741851239041,2,6,False,0.1974516297521917,TX,1,False,False,False,3,1,56.4855142666641,125.58671899335448,0.0,Regional traveler,approximate (city-level)
30063365,2025-10-28,1972.0,49,0.3265306122448979,14,14,4,4,5,22,1,10,0.25,0.25,0.5,-0.0765306122448979,0.75,0.75,0.75,-187.5,208.0,3,0,4,2,0.2857142857142857,0.1428571428571428,0.0,0.0833333333333333,-29.0,-29.0,-58.0,-91.0,-0.2685185185185147,2069.0,97.0,0.0,34.385420498477885,0.7551020408163265,0.2448979591836734,0.0,Quick,Regular specialist,0,0,1,3,0.6666666666666667,0.3159211478176996,2082.958857660455,0.394516554948037,2,3,False,0.210966890103926,NY,1,True,False,True,3,2,1843.9379619442304,2499.4403334345193,0.7272727272727273,Tournament road warrior,approximate (city-level)
14345153,2025-10-28,1971.0,25,0.28,1451,1451,0,0,0,0,0,0,,,,,,,,,,0,0,0,0,0.0909090909090909,0.0,0.0,0.0,0.0,0.0,0.0,0.0,,1971.0,0.0,,,0.6,0.0,0.0,Regular,Mixed-format player,0,0,0,0,,,,0.3158250358655648,2,4,False,0.3683499282688703,NY,1,True,False,True,5,3,141.52393766638275,287.78304554891827,0.5,Multi-state competitor,approximate (city-level)
30135488,2025-10-28,1970.0,76,0.4078947368421052,2,2,9,24,40,76,6,20,0.1111111111111111,0.375,0.5208333333333334,-0.0328947368421052,0.375,0.25,0.0416666666666666,103.625,212.125,3,1,4,9,0.3571428571428571,0.1428571428571428,0.0,0.1428571428571428,-22.0,-60.0,-66.0,,0.0098867642500669,2036.0,66.0,10.0,32.38906843961346,0.8947368421052632,0.0,0.0,Regular,Regular specialist,1,6,12,13,1.0,0.6696613137501884,1928.2740279348632,0.4152143407860512,5,5,True,0.1695713184278975,NJ,1,False,False,False,11,6,763.2398760859915,2538.476626598255,0.40625,Tournament road warrior,approximate (city-level)
30444207,2025-10-28,1954.0,57,0.2807017543859649,9,9,9,19,28,40,4,9,0.3333333333333333,0.3684210526315789,0.5789473684210527,0.087719298245614,0.3684210526315789,0.2631578947368421,0.1052631578947368,31.84210526315789,160.3684210526316,5,4,7,0,0.3928571428571428,0.1785714285714285,0.2,0.125,28.0,24.0,47.0,404.0,0.0738314302144162,1955.0,1.0,28.0,55.28109404646727,1.0,0.0,0.0,Regular,Regular specialist,0,0,1,3,0.8913043478260869,0.7089222755271309,1934.3874851521196,0.3382361736373365,2,2,False,0.3235276527253269,TX,1,False,False,False,4,3,247.55365885473435,981.2665220835512,0.125,Multi-state competitor,approximate (city-level)
30239811,2025-10-28,1944.0,16,0.1875,80,80,0,3,8,8,1,3,,0.0,0.3333333333333333,-0.1875,1.0,0.0,0.0,-62.66666666666666,62.66666666666666,0,0,1,1,0.25,0.0,0.0,0.0,0.0,-15.0,178.0,178.0,-0.3185714285714366,1976.0,32.0,0.0,14.820352800890308,1.0,0.0,0.0,Regular,Regular specialist,0,0,1,3,0.4,0.3111111111111111,1972.0,0.3585444773597062,2,2,False,0.2829110452805876,NY,1,True,True,True,5,4,113.42769022266916,153.3302006137908,0.75,Multi-state competitor,approximate (state-level)
15887402,2025-10-28,1939.0,7,0.2857142857142857,388,388,0,0,0,0,0,0,,,,,,,,,,0,0,0,0,0.0,0.0,0.0,0.0,0.0,0.0,0.0,0.0,,1939.0,0.0,,,0.5714285714285714,0.4285714285714285,0.0,,Mixed-format player,0,0,0,0,,,,0.2206529108325249,1,4,False,0.5586941783349502,NY,1,True,True,True,1,1,111.61614841039955,111.61614841039955,0.0,Multi-state competitor,approximate (city-level)
16392562,2025-10-28,1935.0,62,0.4354838709677419,107,107,0,0,5,9,0,2,,,,,,,,,,3,2,2,5,0.25,0.1875,0.0,0.0,0.0,0.0,12.0,-9.0,,1935.0,0.0,,6.324555320336759,0.967741935483871,0.032258064516129,0.0,Regular,Regular specialist,0,0,0,0,0.5833333333333333,0.5608974358974359,1857.89010989011,0.3864064957493354,3,3,False,0.2271870085013291,TX,1,True,False,True,4,1,51.92297005219356,125.58671899335448,0.0,Regional traveler,approximate (city-level)
30311276,2025-10-28,1914.0,95,0.4,16,16,4,15,26,41,4,11,0.0,0.2666666666666666,0.4,-0.1333333333333333,0.8666666666666667,0.5333333333333333,0.0666666666666666,-113.06666666666666,150.93333333333334,5,2,1,4,0.2236842105263158,0.131578947368421,0.125,0.1176470588235294,11.0,49.0,49.0,195.0,0.312833906855562,1914.0,0.0,36.0,69.87988824037862,1.0,0.0,0.0,Regular,Regular specialist,0,1,2,2,1.0,0.6354984629540147,1842.6249976030065,0.3835976119861455,4,5,False,0.2328047760277088,NY,1,False,False,False,2,2,111.89492497244039,119.42189214754332,0.03571428571428571,Multi-state competitor,approximate (city-level)
30520681,2025-10-28,1907.0,59,0.3220338983050847,17,17,8,27,47,59,7,14,0.5,0.2222222222222222,0.4259259259259259,-0.0998116760828625,0.8518518518518519,0.4444444444444444,0.2222222222222222,-106.8148148148148,135.03703703703704,4,0,2,4,0.3947368421052631,0.2105263157894736,0.1666666666666666,0.2105263157894736,66.0,32.0,73.0,,0.0259319607243574,1928.0,21.0,80.0,32.51814221859728,0.8983050847457628,0.0,0.0,Regular,Regular specialist,0,0,2,5,0.9827586206896552,0.5217587235812716,1792.1086175146052,0.4088300905120294,3,4,False,0.1823398189759412,CA,1,False,False,False,10,1,132.05381585473853,275.3657912584673,0.0,Multi-state competitor,approximate (city-level)
15631341,2025-10-28,1897.0,20,0.45,544,544,0,0,0,0,0,0,,,,,,,,,,1,0,0,3,0.2142857142857142,0.1428571428571428,0.0,0.0,0.0,0.0,0.0,0.0,,1897.0,0.0,,,0.8,0.2,0.0,Regular,Regular specialist,0,0,0,0,,,,0.413292253002184,3,3,False,0.1734154939956319,WI,1,True,False,True,7,6,813.3119688827476,1672.5787370336338,1.0,Tournament road warrior,approximate (state-level)
30257133,2025-10-28,1893.0,66,0.5151515151515151,31,31,0,15,15,38,4,10,,0.5333333333333333,0.6333333333333333,0.0181818181818181,0.3333333333333333,0.3333333333333333,0.1333333333333333,121.2,257.46666666666664,7,2,1,5,0.36,0.28,0.4,0.25,0.0,53.0,53.0,39.0,-0.0876598053511317,1944.0,51.0,31.0,41.39544061314226,1.0,0.0,0.0,Regular,Regular specialist,1,1,3,3,1.0,0.6240944286520994,1808.121317181844,0.3991086492373776,4,3,False,0.2017827015252448,TN,1,False,False,False,11,5,232.06058380317359,491.7871178526018,0.5714285714285714,Multi-state competitor,approximate (city-level)
16489786,2025-10-28,1880.0,89,0.651685393258427,3,3,7,15,47,89,6,27,0.7142857142857143,0.8,0.8,0.148314606741573,0.0,0.0,0.0,354.6666666666667,354.6666666666667,2,1,2,8,0.1944444444444444,0.1111111111111111,0.0,0.1111111111111111,4.0,-60.0,-2.0,,-0.0059872595834024,1951.0,71.0,21.0,32.780291295935335,0.0898876404494382,0.9101123595505618,0.0,Quick,Quick specialist,3,6,8,11,1.0,0.765266607928156,1653.949259669749,0.3589684935931233,7,3,False,0.2820630128137533,NY,1,False,False,False,1,1,111.61614841039955,111.61614841039955,0.0,Multi-state competitor,approximate (city-level)
16103622,2025-10-28,1866.0,10,0.6,710,710,0,0,0,0,0,0,,,,,,,,,,0,0,0,2,0.0,0.0,0.0,0.0,0.0,0.0,0.0,0.0,,1866.0,0.0,,,1.0,0.0,0.0,Regular,Regular specialist,0,0,0,0,,,,0.4141391502513521,3,2,False,0.1717216994972957,NY,1,True,True,True,3,3,1299.8623844639135,2494.2456570089907,0.6666666666666666,Tournament road warrior,approximate (city-level)
17299788,2025-10-28,1863.0,27,0.3703703703703703,65,65,0,6,14,23,2,8,,0.5,0.5833333333333334,0.1296296296296296,0.6666666666666666,0.5,0.0,-44.333333333333336,103.0,5,1,1,1,0.4,0.3333333333333333,0.6666666666666666,0.4166666666666667,0.0,126.0,104.0,291.0,0.3072853072853143,1863.0,0.0,91.0,39.61569338097386,1.0,0.0,0.0,Regular,Regular specialist,1,1,2,3,1.0,0.5127285864178448,1889.927027655316,0.42810292678666,4,4,False,0.1437941464266799,NJ,1,True,False,False,2,1,0.0,0.0,0.0,Local grinder,approximate (state-level)
17090631,2025-10-28,1861.0,11,0.5454545454545454,604,604,0,0,0,0,0,0,,,,,,,,,,0,0,0,1,0.0,0.0,0.0,0.0,0.0,0.0,0.0,0.0,,1861.0,0.0,,,1.0,0.0,0.0,Regular,Regular specialist,0,0,0,0,,,,0.322486024578899,2,2,False,0.3550279508422019,NJ,1,True,True,True,1,1,39.36777831881205,39.36777831881205,1.0,Regional traveler,approximate (city-level)
31353893,2025-10-28,1860.0,16,0.5625,3,3,6,9,9,9,3,3,0.6666666666666666,0.6666666666666666,0.7222222222222222,0.1041666666666666,0.2222222222222222,0.1111111111111111,0.1111111111111111,245.33333333333331,312.44444444444446,1,1,1,1,0.3,0.2,0.0,0.0,14.0,418.0,418.0,418.0,0.2300111565637923,1860.0,0.0,14.0,6.144102863722254,0.8125,0.1875,0.0,Regular,Regular specialist,1,1,2,3,1.0,0.7523809523809524,1694.0972222222224,0.3845465743157429,3,2,False,0.2309068513685142,NJ,1,True,False,True,4,1,22.984384191753364,50.17631486435805,0.0,Local grinder,approximate (city-level)
16059387,2025-10-28,1859.0,37,0.5405405405405406,23,23,2,13,20,37,4,13,0.0,0.4615384615384615,0.5,-0.079002079002079,0.6153846153846154,0.3076923076923077,0.0769230769230769,-0.5384615384615384,154.07692307692307,3,0,0,2,0.25,0.25,0.25,0.25,48.0,41.0,10.0,,0.2253726382532591,1871.0,12.0,84.0,27.53567164993825,0.918918918918919,0.081081081081081,0.0,Regular,Regular specialist,1,3,4,6,1.0,0.6102579694552939,1855.6898070378436,0.4160190346492992,4,3,False,0.1679619307014015,NY,1,False,False,False,2,1,103.0302908403688,111.61614841039955,0.0,Multi-state competitor,approximate (city-level)
12894549,2025-10-28,1856.0,36,0.5,26,26,2,7,7,16,2,5,0.5,0.5714285714285714,0.5714285714285714,0.0714285714285714,0.2857142857142857,0.1428571428571428,0.0,189.14285714285717,247.7142857142857,2,2,2,3,0.2,0.1333333333333333,0.0,0.1666666666666666,6.0,133.0,133.0,158.0,0.1935483870967986,1856.0,0.0,6.0,72.22231303413093,0.4166666666666667,0.5833333333333334,0.0,Regular,Mixed-format player,0,0,2,2,0.8666666666666667,0.7075422138836773,1691.3817485360166,0.3877337023828765,4,3,False,0.2245325952342469,NY,1,True,False,False,1,1,111.61614841039955,111.61614841039955,0.0,Multi-state competitor,approximate (city-level)
30721310,2025-10-28,1856.0,26,0.5769230769230769,88,88,0,4,12,19,1,5,,0.5,0.75,-0.0769230769230768,0.5,0.5,0.0,275.5,405.5,1,1,0,1,0.2,0.1,0.0,0.1428571428571428,0.0,85.0,31.0,80.0,2.065261902074903,1856.0,0.0,0.0,37.02678025619228,1.0,0.0,0.0,Regular,Regular specialist,0,0,2,3,0.9565217391304348,0.7971773636991027,1601.218404118404,0.3757937095976097,3,3,False,0.2484125808047804,NY,1,True,False,True,4,2,95.28232166360979,650.6424248984788,0.125,Regional traveler,approximate (state-level)
16022191,2025-10-28,1856.0,61,0.5081967213114754,212,212,0,0,0,22,0,4,,,,,,,,,,6,3,2,10,0.3888888888888889,0.3333333333333333,0.0,0.6,0.0,0.0,0.0,323.0,,1856.0,0.0,,113.67855493809662,1.0,0.0,0.0,Regular,Regular specialist,0,0,1,3,0.970873786407767,0.8534879059008128,1551.4897964620632,0.485487885733163,3,3,False,0.0290242285336739,MI,1,True,False,True,6,2,59.18051434654523,307.7930002495021,0.17647058823529413,Regional traveler,approximate (state-level)
15881203,2025-10-28,1852.0,61,0.6065573770491803,185,185,0,0,0,20,0,7,,,,,,,,,,4,1,0,9,0.3076923076923077,0.3076923076923077,0.0,0.0,0.0,0.0,0.0,14.0,,1904.0,52.0,,35.88490373108828,0.3934426229508196,0.6065573770491803,0.0,Regular,Mixed-format player,0,3,5,6,1.0,0.8434149353664947,1601.2146915584417,0.4310216670438914,8,4,False,0.1379566659122171,NY,1,True,False,True,1,1,111.61614841039955,111.61614841039955,0.0,Multi-state competitor,approximate (city-level)
10051932,2025-10-28,1847.0,10,0.7,12,12,5,5,10,10,1,2,1.0,1.0,1.0,0.3,0.0,0.0,0.0,377.8,377.8,0,0,0,1,,0.0,0.0,0.0,-6.0,-6.0,,,-0.0645161290322636,1853.0,6.0,0.0,3.1622776601683795,1.0,0.0,0.0,Regular,Regular specialist,1,1,2,2,1.0,0.9090909090909092,1188.837121212121,0.3124662850346517,5,1,False,0.3750674299306966,NJ,1,True,True,True,4,3,373.45584863225116,2538.476626598255,0.26666666666666666,Multi-state competitor,approximate (state-level)
30021753,2025-10-28,1825.0,16,0.5,9,9,2,7,7,13,2,4,0.0,0.1428571428571428,0.3571428571428571,-0.3571428571428571,1.0,0.7142857142857143,0.2857142857142857,-166.85714285714286,166.85714285714286,2,1,0,0,0.4375,0.25,0.0,0.25,80.0,120.0,120.0,304.0,1.6666666666666927,1825.0,0.0,80.0,71.52370953495787,0.6875,0.0,0.0,Regular,Mixed-format player,0,1,2,2,1.0,0.6479996005858075,1889.6338912429376,0.3839064459752146,4,2,False,0.2321871080495706,NJ,1,True,False,True,4,2,24.03994997439917,50.17631486435805,0.42857142857142855,Local grinder,approximate (city-level)
15033665,2025-10-28,1811.0,25,0.28,401,401,0,0,0,0,0,0,,,,,,,,,,0,0,0,3,0.0555555555555555,0.0,0.0,0.0,0.0,0.0,0.0,0.0,,1811.0,0.0,,,1.0,0.0,0.0,Regular,Regular specialist,0,0,0,0,,,,0.3302434531579137,2,4,False,0.3395130936841725,NJ,1,True,False,True,1,1,39.36777831881205,39.36777831881205,1.0,Regional traveler,approximate (city-level)
31638483,2025-10-28,1807.0,5,0.2,624,624,0,0,0,0,0,0,,,,,,,,,,1,1,0,0,0.25,0.25,0.0,0.0,0.0,0.0,0.0,0.0,,1807.0,0.0,,,1.0,0.0,0.0,Regular,Regular specialist,0,0,0,0,,,,0.4481975401381177,1,2,False,0.1036049197237645,NY,1,True,True,True,1,1,111.61614841039955,111.61614841039955,0.0,Multi-state competitor,approximate (city-level)
30330738,2025-10-28,1804.0,52,0.3846153846153846,62,62,0,9,21,37,2,12,,0.3333333333333333,0.5,-0.0512820512820513,0.6666666666666666,0.2222222222222222,0.2222222222222222,-20.0,147.11111111111111,0,0,0,5,0.0,0.0,0.0,0.0,0.0,130.0,269.0,393.0,1.9659335201837544,1804.0,0.0,83.0,105.5980892651778,0.3461538461538461,0.6538461538461539,0.0,Quick,Mixed-format player,0,1,2,2,1.0,0.6809162071598847,1504.3593093051622,0.3425733171409473,3,8,False,0.3148533657181054,NJ,1,True,False,False,1,1,39.36777831881205,39.36777831881205,1.0,Regional traveler,approximate (city-level)
10017751,2025-10-28,1800.0,64,0.234375,30,30,2,2,15,54,1,21,0.0,0.0,0.25,-0.234375,0.0,0.0,0.0,293.0,293.0,0,0,1,15,0.0263157894736842,0.0,0.0,0.0,0.0,0.0,0.0,0.0,-0.0214781627278596,1825.0,25.0,0.0,108.68413288397132,1.0,0.0,0.0,Regular,Regular specialist,0,0,1,2,0.8333333333333334,0.335699359067922,1597.0054884220478,0.3596615170058354,2,9,False,0.2806769659883291,TX,1,True,False,True,2,2,317.9875132686859,1195.8997688260442,0.15384615384615385,Multi-state competitor,approximate (city-level)
30110069,2025-10-28,1800.0,34,0.8823529411764706,4,4,5,17,20,31,6,11,1.0,0.8823529411764706,0.9411764705882352,0.0,0.0588235294117647,0.0,0.0,600.9411764705883,603.7647058823529,1,0,0,1,0.5,0.5,0.0,0.5,-9.0,99.0,98.0,97.0,0.7026948710518709,1819.0,19.0,11.0,63.0430472490949,0.0,1.0,0.0,Quick,Quick specialist,5,6,10,10,1.0,0.956444237774161,1190.3119921744922,0.2196527692227839,8,1,False,0.5606944615544321,NY,1,False,True,False,1,1,111.61614841039955,111.61614841039955,0.0,Multi-state competitor,approximate (city-level)
15197996,2025-10-28,1800.0,66,0.3939393939393939,3,3,8,16,43,66,4,16,0.25,0.3125,0.40625,-0.0814393939393939,0.5625,0.5,0.125,-40.6875,211.8125,1,0,0,8,0.1,0.05,0.125,0.05,0.0,0.0,-44.0,,-0.0827879473996959,1927.0,127.0,0.0,42.49840803270971,0.8484848484848485,0.1515151515151515,0.0,Regular,Regular specialist,0,1,2,2,1.0,0.556586767941193,1797.672259700012,0.4078195316906518,3,4,False,0.1843609366186963,NY,1,False,False,False,1,1,111.61614841039955,111.61614841039955,0.0,Multi-state competitor,approximate (city-level)
14916518,2025-10-28,1800.0,5,0.6,66,66,0,5,5,5,1,1,,0.6,0.6,0.0,0.2,0.2,0.2,113.4,266.6,0,0,0,1,0.0,0.0,0.0,0.0,0.0,,,,,1800.0,0.0,0.0,0.0,1.0,0.0,0.0,Regular,Regular specialist,0,0,1,1,0.8461538461538461,0.8461538461538461,1792.2857142857142,0.4408134369357513,2,1,False,0.1183731261284973,NY,1,True,True,True,1,1,119.42189214754332,119.42189214754332,1.0,Multi-state competitor,approximate (state-level)
16920880,2025-10-28,1796.0,24,0.25,0,0,8,14,16,24,5,8,0.125,0.2142857142857142,0.2857142857142857,-0.0357142857142857,0.6428571428571429,0.2857142857142857,0.1428571428571428,-63.785714285714285,100.64285714285714,2,1,0,1,0.3125,0.25,0.25,0.25,-6.0,51.0,62.0,,0.6427564910766674,1830.0,34.0,115.0,45.35206481086275,1.0,0.0,0.0,Regular,Regular specialist,0,0,1,1,0.9636363636363636,0.4396121608271628,1885.6025571798853,0.4598763244782812,1,6,False,0.0802473510434375,NC,1,False,False,False,3,3,637.6035675147831,2333.8415333775893,0.3333333333333333,Tournament road warrior,approximate (city-level)
16368933,2025-10-28,1788.0,5,0.4,44,44,0,2,2,2,1,1,,0.5,0.75,0.0999999999999999,0.5,0.5,0.5,-106.0,245.0,0,0,1,0,0.5,0.0,0.0,0.0,0.0,-4.0,-4.0,-4.0,,1788.0,0.0,0.0,0.0,1.0,0.0,0.0,Regular,Regular specialist,0,0,0,0,0.6666666666666667,0.6666666666666667,1706.5,0.360624412184985,1,0,False,0.27875117563003,TX,1,True,True,True,4,3,1405.9788371754894,1645.0690043023526,0.9411764705882353,Tournament road warrior,approximate (city-level)
30697941,2025-10-28,1780.0,74,0.7567567567567568,570,570,0,0,0,0,0,0,,,,,,,,,,0,0,0,9,0.0,0.0,0.0,0.0,0.0,0.0,0.0,0.0,,1780.0,0.0,,,0.1486486486486486,0.8513513513513513,0.0,Quick,Quick specialist,0,0,0,0,,,,0.3489454161481904,9,2,False,0.302109167703619,NY,1,True,True,True,1,1,111.61614841039955,111.61614841039955,0.0,Multi-state competitor,approximate (city-level)
12696378,2025-10-28,1779.0,11,0.4545454545454545,503,503,0,0,0,0,0,0,,,,,,,,,,0,0,0,2,0.0,0.0,0.0,0.0,0.0,0.0,0.0,0.0,,1779.0,0.0,,,1.0,0.0,0.0,Regular,Regular specialist,0,0,0,0,,,,0.4593518826756388,3,4,False,0.0812962346487223,NY,1,True,True,True,1,1,111.61614841039955,111.61614841039955,0.0,Multi-state competitor,approximate (city-level)
14247791,2025-10-28,1774.0,63,0.3333333333333333,173,173,0,0,6,15,0,3,,,,,,,,,,6,3,3,4,0.3064516129032258,0.1935483870967742,0.0,0.375,0.0,0.0,174.0,165.0,,1774.0,0.0,,88.23410419365712,0.9047619047619048,0.0952380952380952,0.0,Quick,Regular specialist,0,0,0,1,0.7692307692307692,0.72991452991453,1564.749255952381,0.413868878427192,3,4,False,0.1722622431456159,NY,1,True,False,True,1,1,0.0,0.0,0.0,Local grinder,approximate (state-level)
12479419,2025-10-28,1772.0,7,0.2857142857142857,1181,1181,0,0,0,0,0,0,,,,,,,,,,0,0,0,0,0.0,0.0,0.0,0.0,0.0,0.0,0.0,0.0,,1772.0,0.0,,,1.0,0.0,0.0,Regular,Regular specialist,0,0,0,0,,,,0.2122726168731019,2,2,False,0.5754547662537961,NY,1,True,True,True,2,2,87.08193463236022,348.32773852944086,0.25,Regional traveler,approximate (state-level)
15113015,2025-10-28,1767.0,9,0.1111111111111111,1374,1374,0,0,0,0,0,0,,,,,,,,,,0,0,1,0,0.0714285714285714,0.0,0.0,0.0,0.0,0.0,0.0,0.0,,1767.0,0.0,,,1.0,0.0,0.0,Regular,Regular specialist,0,0,0,0,,,,0.3236922821341119,1,4,False,0.3526154357317761,QC,1,True,False,True,1,1,,,,Insufficient location data,low
30254679,2025-10-28,1766.0,17,0.5294117647058824,500,500,0,0,0,0,0,0,,,,,,,,,,4,2,1,0,0.45,0.4,0.0,0.0,0.0,0.0,0.0,0.0,,1766.0,0.0,,,1.0,0.0,0.0,Regular,Regular specialist,0,0,0,0,,,,0.4189021078749586,3,2,False,0.1621957842500828,TX,1,True,False,True,1,1,55.434206728328554,55.43420672832856,0.0,Regional traveler,approximate (city-level)
17094702,2025-10-28,1747.0,30,0.6,86,86,0,10,15,30,2,7,,0.5,0.55,-0.0999999999999999,0.2,0.0,0.0,88.9,112.5,0,0,0,4,0.0,0.0,0.0,0.0,0.0,6.0,-45.0,,0.2936268813538026,1792.0,45.0,0.0,53.58971423010545,1.0,0.0,0.0,Regular,Regular specialist,0,1,4,6,1.0,0.8690076030412165,1229.7379853759685,0.3995396120978031,6,3,False,0.2009207758043938,CA,1,False,True,False,5,1,138.93691876174512,198.17302642039274,0.0,Multi-state competitor,approximate (city-level)
16378223,2025-10-28,1745.0,17,0.5294117647058824,380,380,0,0,0,0,0,0,,,,,,,,,,0,0,0,1,0.0,0.0,0.0,0.0,0.0,0.0,0.0,0.0,,1745.0,0.0,,,0.6470588235294118,0.3529411764705882,0.0,Quick,Mixed-format player,0,0,0,0,,,,0.3560252720433451,2,3,False,0.2879494559133096,NY,1,True,True,True,2,1,95.67098435177104,111.61614841039955,0.0,Regional traveler,approximate (city-level)
14696058,2025-10-28,1743.0,17,0.4705882352941176,135,135,0,0,4,10,0,2,,,,,,,,,,2,2,0,2,0.3571428571428571,0.2857142857142857,0.0,0.0,0.0,0.0,145.0,109.0,,1743.0,0.0,,74.87767802667673,0.5882352941176471,0.4117647058823529,0.0,Regular,Mixed-format player,0,1,1,1,1.0,0.8020833333333334,1564.2276785714284,0.466667714747164,4,2,False,0.0666645705056718,NY,1,True,False,True,1,1,111.61614841039955,111.61614841039955,0.0,Multi-state competitor,approximate (city-level)
31223384,2025-10-28,1738.0,35,0.2857142857142857,3,3,6,11,29,35,5,14,0.3333333333333333,0.3636363636363636,0.4545454545454545,0.0779220779220779,0.6363636363636364,0.5454545454545454,0.1818181818181818,-55.54545454545455,176.63636363636363,2,2,4,0,0.2045454545454545,0.0909090909090909,0.1666666666666666,0.0909090909090909,-40.0,38.0,127.0,,1.634973328301209,1778.0,40.0,50.0,155.0671472880933,1.0,0.0,0.0,Regular,Regular specialist,0,0,0,2,0.9069767441860466,0.4071315907407407,1724.9590413613985,0.3753866832838702,4,4,False,0.2492266334322596,CT,1,False,False,False,8,3,1349.3103609940665,2611.9886730593935,0.6410256410256411,Tournament road warrior,approximate (city-level)
11466001,2025-10-28,1728.0,5,0.6,207,207,0,0,0,2,0,1,,,,,,,,,,0,0,0,2,,0.0,0.0,0.0,0.0,0.0,0.0,-65.0,,1728.0,0.0,,0.0,0.0,1.0,0.0,Quick,Quick specialist,0,1,1,1,1.0,1.0,1604.4,0.4736960992019196,2,1,False,0.0526078015961608,NY,1,True,True,True,1,1,111.61614841039955,111.61614841039955,0.0,Multi-state competitor,approximate (city-level)
30127892,2025-10-28,1728.0,6,0.5,352,352,0,0,0,6,0,1,,,,,,,,,,0,0,0,0,,0.0,0.0,0.0,0.0,0.0,0.0,,,1728.0,0.0,,0.0,1.0,0.0,0.0,Regular,Regular specialist,0,0,0,0,0.8717948717948718,0.8717948717948718,1534.0,0.3738230160203749,2,1,False,0.2523539679592502,NY,1,True,True,True,1,1,111.61614841039955,111.61614841039955,0.0,Multi-state competitor,approximate (city-level)
15751253,2025-10-28,1709.0,29,0.3793103448275862,1164,1164,0,0,0,0,0,0,,,,,,,,,,1,1,2,2,0.2307692307692307,0.0769230769230769,0.0,0.0,0.0,0.0,0.0,0.0,,1709.0,0.0,,,0.8620689655172413,0.1379310344827586,0.0,Regular,Regular specialist,0,0,0,0,,,,0.3475924850463808,6,2,False,0.3048150299072384,NJ,1,True,False,True,9,6,184.76151869541047,998.9575383202766,0.6363636363636364,Multi-state competitor,approximate (city-level)
10060842,2025-10-28,1700.0,115,0.3478260869565217,42,42,0,5,17,17,1,4,,0.4,0.5,0.0521739130434782,0.2,0.2,0.0,163.2,218.8,0,0,0,13,0.05,0.0,0.0,0.0,0.0,0.0,0.0,0.0,-0.186966186966186,1723.0,23.0,0.0,10.398317171542711,0.6695652173913044,0.0,0.0,Unknown,Mixed-format player,0,1,1,1,1.0,0.6276709401709402,1650.698712121212,0.3549659887855529,3,5,False,0.2900680224288942,NJ,1,True,False,False,5,3,11.744555338632427,85.60202770780705,0.24,Local grinder,approximate (state-level)
14117181,2025-10-28,1698.0,19,0.5263157894736842,94,94,0,0,3,6,0,2,,,,,,,,,,1,1,0,1,0.1666666666666666,0.1666666666666666,0.0,0.0,0.0,0.0,13.0,-31.0,,1698.0,0.0,,7.12039324756716,0.3684210526315789,0.631578947368421,0.0,Quick,Mixed-format player,0,0,1,2,0.8888888888888888,0.8762626262626263,1424.1933638443934,0.4017134279350304,3,4,False,0.1965731441299391,NY,1,True,False,True,1,1,111.61614841039955,111.61614841039955,0.0,Multi-state competitor,approximate (city-level)
31373726,2025-10-28,1698.0,65,0.4153846153846154,10,10,3,15,48,65,4,17,0.3333333333333333,0.3333333333333333,0.4333333333333333,-0.082051282051282,0.7333333333333333,0.7333333333333333,0.5333333333333333,-146.46666666666667,228.6,8,6,7,2,0.3157894736842105,0.2105263157894736,0.2727272727272727,0.2105263157894736,0.0,116.0,575.0,,3.250474505803824,1698.0,0.0,146.0,205.15615769082223,0.8615384615384616,0.1384615384615384,0.0,Quick,Regular specialist,0,3,8,8,1.0,0.6214725530275826,1450.7771139306114,0.4038332238184244,7,4,False,0.192333552363151,IN,1,False,False,False,18,8,329.24194652466934,1930.6079176946018,0.7777777777777778,Multi-state competitor,approximate (state-level)
12420184,2025-10-28,1687.0,195,0.3384615384615385,22,22,5,9,31,61,2,14,0.2,0.3333333333333333,0.5,-0.0051282051282051,0.5555555555555556,0.5555555555555556,0.3333333333333333,81.44444444444444,310.1111111111111,10,5,11,5,0.2945205479452055,0.136986301369863,0.2,0.0606060606060606,16.0,-9.0,-8.0,1.0,-0.2701154429102269,1742.0,55.0,16.0,28.79206592291164,1.0,0.0,0.0,Regular,Regular specialist,0,0,1,4,0.9464285714285714,0.5343859738801487,1640.4591510285347,0.357984479823773,4,5,False,0.2840310403524539,MA,1,True,False,False,4,2,1.7598267177964166,84.471682454228,0.020833333333333332,Local grinder,approximate (state-level)
16139836,2025-10-28,1671.0,12,0.4166666666666667,1220,1220,0,0,0,0,0,0,,,,,,,,,,0,0,0,2,0.0,0.0,0.0,0.0,0.0,0.0,0.0,0.0,,1671.0,0.0,,,1.0,0.0,0.0,Regular,Regular specialist,0,0,0,0,,,,0.364803569816319,2,2,False,0.2703928603673619,NY,1,True,False,True,1,1,111.61614841039955,111.61614841039955,0.0,Multi-state competitor,approximate (city-level)
30418754,2025-10-28,1651.0,120,0.625,261,261,0,0,0,31,0,8,,,,,,,,,,5,1,0,16,0.3666666666666666,0.3333333333333333,0.0,1.0,0.0,0.0,0.0,-102.0,,1729.0,78.0,,26.82744542361403,1.0,0.0,0.0,Regular,Regular specialist,0,3,4,7,1.0,0.8135961260961261,1234.45597492785,0.4254041733220313,8,3,False,0.1491916533559373,TX,1,True,False,True,3,1,47.09991896194524,144.92282757521613,0.0,Regional traveler,approximate (state-level)
30380787,2025-10-28,1644.0,73,0.3972602739726027,331,331,0,0,0,4,0,1,,,,,,,,,,6,5,3,2,0.2571428571428571,0.1714285714285714,0.0,0.0,0.0,0.0,0.0,-290.0,,1644.0,0.0,,0.0,0.9178082191780822,0.0821917808219178,0.0,Quick,Regular specialist,0,0,1,1,0.8571428571428572,0.8571428571428572,1117.2857142857142,0.3783152025992761,5,4,False,0.2433695948014477,TX,1,True,False,True,5,2,244.60023773275378,1195.8997688260442,0.15,Multi-state competitor,approximate (state-level)
30911018,2025-10-28,1644.0,82,0.4756097560975609,38,38,0,3,3,22,1,7,,0.3333333333333333,0.3333333333333333,-0.1422764227642276,0.0,0.0,0.0,235.66666666666663,235.66666666666663,6,3,4,5,0.2666666666666666,0.2,0.0,0.0,0.0,202.0,202.0,301.0,,1644.0,0.0,0.0,85.17236153137453,0.0365853658536585,0.9634146341463414,0.0,Quick,Quick specialist,0,0,0,1,0.8596491228070176,0.6260398015846224,1397.9790258306614,0.3858482587882093,8,3,False,0.2283034824235813,NY,1,True,False,True,1,1,111.61614841039955,111.61614841039955,0.0,Multi-state competitor,approximate (city-level)
17321301,2025-10-28,1640.0,39,0.4871794871794871,51,51,0,7,18,22,2,7,,0.4285714285714285,0.5714285714285714,-0.0586080586080586,1.0,0.2857142857142857,0.1428571428571428,-73.57142857142857,73.57142857142857,0,0,1,5,0.0625,0.0,0.0,0.0,0.0,90.0,184.0,170.0,0.2463339664529477,1640.0,0.0,108.0,68.66242158945559,0.7435897435897436,0.2564102564102564,0.0,Quick,Regular specialist,1,2,2,3,1.0,0.7429355631141344,1408.7476630670317,0.4613887851481141,4,4,False,0.0772224297037716,NY,1,True,False,False,3,1,43.406279937377604,111.61614841039955,0.0,Regional traveler,approximate (state-level)
30526166,2025-10-28,1619.0,45,0.3555555555555555,177,177,0,0,4,9,0,2,,,,,,,,,,5,4,4,2,0.2777777777777778,0.1851851851851851,0.0,0.2,0.0,0.0,0.0,69.0,,1619.0,0.0,,0.0,0.6,0.4,0.0,Regular,Mixed-format player,0,0,1,1,0.875,0.5982142857142857,1508.072796934866,0.4084964777259606,5,4,False,0.1830070445480787,NY,1,True,False,True,1,1,111.61614841039955,111.61614841039955,0.0,Multi-state competitor,approximate (city-level)
15051258,2025-10-28,1603.0,3,0.3333333333333333,1304,1304,0,0,0,0,0,0,,,,,,,,,,0,0,0,0,0.0,0.0,0.0,0.0,0.0,0.0,0.0,0.0,,1603.0,0.0,,,1.0,0.0,0.0,,Regular specialist,0,0,0,0,,,,0.2038238091056238,1,2,False,0.5923523817887524,NY,1,True,True,True,1,1,119.42189214754332,119.42189214754332,1.0,Multi-state competitor,approximate (state-level)
14800390,2025-10-28,1600.0,132,0.3484848484848485,71,71,0,5,11,32,1,6,,0.4,0.5,0.0515151515151515,0.0,0.0,0.0,188.0,188.0,4,0,2,24,0.15,0.1,0.0,0.2222222222222222,0.0,0.0,0.0,-44.0,-9.98227641024494e-15,1603.0,3.0,0.0,1.189673308368798,0.946969696969697,0.053030303030303,0.0,Regular,Regular specialist,0,0,1,1,0.9047619047619048,0.5353174603174603,1599.4479081955362,0.4061071307492195,4,4,False,0.1877857385015608,NY,1,True,False,False,1,1,111.61614841039955,111.61614841039955,0.0,Multi-state competitor,approximate (city-level)
12640800,2025-10-28,1600.0,83,0.216867469879518,253,253,0,0,0,7,0,2,,,,,,,,,,0,0,3,15,0.1111111111111111,0.0,0.0,0.0,0.0,0.0,0.0,0.0,,1601.0,1.0,,0.5345224838248488,0.3012048192771084,0.5301204819277109,0.0,Regular,Mixed-format player,0,0,1,1,0.3333333333333333,0.2444812362030905,1461.0175561797753,0.3725223431865512,3,8,False,0.2549553136268976,NY,1,True,False,True,7,3,75.22855521080038,119.42189214754332,0.25925925925925924,Regional traveler,approximate (city-level)
30119474,2025-10-28,1591.0,59,0.4915254237288136,153,153,0,0,5,15,0,3,,,,,,,,,,9,6,3,3,0.328125,0.28125,0.0,0.0,0.0,0.0,29.0,18.0,,1591.0,0.0,,57.675198928383175,0.9661016949152542,0.0338983050847457,0.0,Regular,Regular specialist,0,1,2,3,1.0,0.933424532603739,1308.812586650822,0.4297404853351431,7,4,False,0.1405190293297138,NY,1,True,False,True,4,3,463.8459486570736,601.0923200126506,0.8,Multi-state competitor,approximate (city-level)
16470506,2025-10-28,1578.0,25,0.2,45,45,0,3,9,14,1,5,,0.0,0.3333333333333333,-0.2,0.0,0.0,0.0,418.3333333333333,418.3333333333333,0,0,2,5,0.1,0.0,0.0,0.0,0.0,117.0,224.0,79.0,0.7867803837953076,1578.0,0.0,0.0,83.31906104887365,0.2,0.8,0.0,Regular,Quick specialist,0,0,0,0,0.4761904761904761,0.3008771722218569,1449.50014147073,0.4027327294220116,3,6,False,0.1945345411559768,NY,1,True,False,True,1,1,111.61614841039955,111.61614841039955,0.0,Multi-state competitor,approximate (city-level)
30156835,2025-10-28,1574.0,42,0.4047619047619047,23,23,3,15,27,42,5,13,0.6666666666666666,0.4,0.5333333333333333,-0.0047619047619047,0.2666666666666666,0.0666666666666666,0.0666666666666666,65.86666666666666,124.53333333333332,2,1,1,4,0.3333333333333333,0.2222222222222222,0.0,0.2222222222222222,-6.0,3.0,134.0,,0.2807400457094631,1608.0,34.0,28.0,65.9620134938129,0.8571428571428571,0.1428571428571428,0.0,Regular,Regular specialist,0,1,4,5,1.0,0.6121436912024367,1519.1901262387687,0.4702409039358634,4,4,False,0.0595181921282731,NJ,1,False,False,False,4,2,20.664021503808485,50.17631486435805,0.23076923076923078,Local grinder,approximate (state-level)
30135902,2025-10-28,1571.0,7,0.4285714285714285,111,111,0,0,7,7,0,3,,,,,,,,,,0,0,0,1,0.0,0.0,0.0,0.0,0.0,0.0,,,-1.1581151832460352,1599.0,28.0,,11.015141094572204,1.0,0.0,0.0,Regular,Regular specialist,0,1,1,1,1.0,0.7000000000000001,1461.4754901960785,0.4198223749389084,1,2,False,0.1603552501221831,NJ,1,True,True,True,6,5,427.909482288828,2538.476626598255,0.6,Multi-state competitor,approximate (state-level)
16672488,2025-10-28,1568.0,27,0.3333333333333333,913,913,0,0,0,0,0,0,,,,,,,,,,5,3,1,0,0.3055555555555556,0.2777777777777778,0.0,0.0,0.0,0.0,0.0,0.0,,1568.0,0.0,,,1.0,0.0,0.0,Regular,Regular specialist,0,0,0,0,,,,0.4324713329727757,2,4,False,0.1350573340544485,TX,1,True,False,True,3,1,50.626701332330576,125.58671899335448,0.0,Regional traveler,approximate (city-level)
31262968,2025-10-28,1556.0,5,0.6,749,749,0,0,0,0,0,0,,,,,,,,,,2,1,0,0,0.5,0.5,0.0,0.0,0.0,0.0,0.0,0.0,,1556.0,0.0,,,1.0,0.0,0.0,Regular,Regular specialist,0,0,0,0,,,,0.4978914373811792,2,2,False,0.0042171252376416,CA,1,True,True,True,2,1,0.0,0.0,0.0,Local grinder,approximate (state-level)
31669397,2025-10-28,1538.0,16,0.375,10,10,7,16,16,16,5,5,0.4285714285714285,0.375,0.375,0.0,0.6875,0.5625,0.375,-201.25,292.625,3,1,0,2,0.3333333333333333,0.3333333333333333,0.3333333333333333,0.3333333333333333,102.0,,,,1.279389801578837,1538.0,0.0,140.0,53.4064602833777,0.0,1.0,0.0,Quick,Quick specialist,0,0,0,0,0.6666666666666667,0.4530096330096331,1662.8081861805665,0.5441199514355789,2,4,False,0.0,FL,1,False,False,True,1,1,995.2812466162026,995.2812466162026,1.0,Tournament road warrior,approximate (city-level)
17171472,2025-10-28,1526.0,72,0.2638888888888889,25,25,4,7,13,35,2,11,0.5,0.5714285714285714,0.5714285714285714,0.3075396825396825,0.4285714285714285,0.4285714285714285,0.4285714285714285,216.14285714285717,556.7142857142857,2,1,2,3,0.0795454545454545,0.0454545454545454,0.3333333333333333,0.0555555555555555,-24.0,14.0,97.0,42.0,0.6123941493456488,1550.0,24.0,0.0,39.59825562748309,0.3472222222222222,0.6527777777777778,0.0,Regular,Mixed-format player,0,0,1,1,0.9166666666666666,0.4136484388660404,1633.42643347375,0.3331244396162088,3,5,False,0.3337511207675824,NY,1,True,False,False,9,5,104.09195787040679,174.99716554344533,0.15625,Multi-state competitor,approximate (city-level)
15750615,2025-10-28,1525.0,34,0.5882352941176471,325,325,0,0,0,6,0,2,,,,,,,,,,2,1,0,4,0.25,0.25,0.0,0.0,0.0,0.0,0.0,40.0,,1525.0,0.0,,10.954451150103322,0.088235294117647,0.9117647058823528,0.0,Quick,Quick specialist,0,0,0,1,0.8709677419354839,0.8354838709677419,1446.0414402173913,0.413020802108869,3,2,False,0.173958395782262,NY,1,True,False,True,2,1,102.31480270953291,111.61614841039955,0.0,Multi-state competitor,approximate (city-level)
30256336,2025-10-28,1500.0,2,0.0,1513,1513,0,0,0,0,0,0,,,,,,,,,,0,0,0,0,0.0,0.0,0.0,0.0,0.0,0.0,0.0,0.0,,1500.0,0.0,,,1.0,0.0,0.0,,Regular specialist,0,0,0,0,,,,0.0518804724647319,0,2,False,0.8962390550705361,NJ,1,True,True,True,2,1,21.578566956086117,34.46382140409066,0.0,Local grinder,approximate (city-level)
13137402,2025-10-28,1498.0,16,0.375,123,123,0,0,13,16,0,8,,,,,,,,,,0,0,1,3,0.0714285714285714,0.0,0.0,0.0,0.0,0.0,-134.0,,-1.2365869674378769,1635.0,137.0,,40.28047500547464,0.375,0.625,0.0,Regular,Mixed-format player,0,0,2,3,0.8260869565217391,0.4590196488294314,1457.8894615800868,0.3355840647142911,2,3,False,0.3288318705714178,NY,1,True,False,True,3,2,660.5079624055174,2494.2456570089907,0.23076923076923078,Tournament road warrior,approximate (city-level)
17309236,2025-10-28,1483.0,20,0.25,430,430,0,0,0,0,0,0,,,,,,,,,,5,5,2,0,0.3333333333333333,0.2777777777777778,0.0,0.0,0.0,0.0,0.0,0.0,,1483.0,0.0,,,1.0,0.0,0.0,Regular,Regular specialist,0,0,0,0,,,,0.480324988727391,2,4,False,0.0393500225452179,MD,1,True,False,True,7,3,195.8644482553925,639.7695427095158,0.6666666666666666,Multi-state competitor,approximate (state-level)
12820409,2025-10-28,1465.0,6,0.8333333333333334,62,62,0,6,6,6,1,1,,0.8333333333333334,0.9166666666666666,0.0,0.3333333333333333,0.0,0.0,68.66666666666667,107.66666666666669,0,0,0,0,,0.0,0.0,0.0,0.0,,,,,1465.0,0.0,0.0,0.0,1.0,0.0,0.0,Regular,Regular specialist,1,1,1,1,1.0,1.0,1293.92,0.2905792491356906,5,0,False,0.4188415017286188,NY,1,True,True,True,1,1,111.61614841039955,111.61614841039955,0.0,Multi-state competitor,approximate (city-level)
30292358,2025-10-28,1457.0,22,0.2272727272727272,1123,1123,0,0,0,0,0,0,,,,,,,,,,1,1,0,3,0.1,0.1,0.0,0.0,0.0,0.0,0.0,0.0,,1457.0,0.0,,,1.0,0.0,0.0,Regular,Regular specialist,0,0,0,0,,,,0.4288564691283976,2,6,False,0.1422870617432047,TX,1,True,False,True,1,1,0.0,0.0,0.0,Local grinder,approximate (state-level)
14708493,2025-10-28,1455.0,3,0.0,189,189,0,0,0,3,0,1,,,,,,,,,,0,0,0,0,0.0,0.0,0.0,0.0,0.0,0.0,0.0,,,1455.0,0.0,,0.0,1.0,0.0,0.0,,Regular specialist,0,0,0,0,0.0555555555555555,0.0555555555555555,1862.421052631579,0.0295064210016604,0,3,False,0.9409871579966792,NJ,1,True,True,True,1,1,37.55367542180409,37.55367542180409,0.0,Regional traveler,approximate (city-level)
31195654,2025-10-28,1389.0,9,0.5555555555555556,279,279,0,0,0,1,0,1,,,,,,,,,,1,1,0,1,0.5,0.5,0.0,0.0,0.0,0.0,0.0,-16.0,,1389.0,0.0,,,1.0,0.0,0.0,Regular,Regular specialist,0,0,0,0,0.0769230769230768,0.0769230769230768,1780.6296296296296,0.5234468629974275,3,3,False,0.0,NY,1,True,True,True,1,1,111.61614841039955,111.61614841039955,0.0,Multi-state competitor,approximate (city-level)
14377480,2025-10-28,1368.0,22,0.3636363636363636,152,152,0,0,5,13,0,5,,,,,,,,,,1,1,0,3,0.0833333333333333,0.0833333333333333,0.0,0.1111111111111111,0.0,0.0,-42.0,49.0,-0.999999999999978,1410.0,42.0,,45.514438396668176,0.3181818181818182,0.5454545454545454,0.0,Regular,Mixed-format player,0,0,0,1,0.8095238095238095,0.495637408568443,1714.7907527901443,0.4462467786491785,2,5,False,0.107506442701643,NY,1,True,False,True,2,2,112.90035822975572,130.87929570074223,0.06666666666666667,Multi-state competitor,approximate (city-level)
15481128,2025-10-28,1359.0,9,0.3333333333333333,4,4,3,9,9,9,3,3,0.3333333333333333,0.3333333333333333,0.4444444444444444,0.0,0.8888888888888888,0.8888888888888888,0.8888888888888888,-351.8888888888889,410.3333333333333,2,2,2,0,0.375,0.25,0.25,0.25,17.0,,,,2.9464285714285725,1359.0,0.0,165.0,78.59548333078689,1.0,0.0,0.0,Regular,Regular specialist,0,0,0,0,0.8611111111111112,0.5129295962629296,1500.4774266747952,0.4149327927000045,2,2,False,0.1701344145999909,MA,1,True,False,True,4,3,2257.380823486975,2666.0741674781234,0.8974358974358975,Tournament road warrior,approximate (city-level)
15502503,2025-10-28,1358.0,18,0.1111111111111111,821,821,0,0,0,0,0,0,,,,,,,,,,1,1,2,0,0.125,0.0625,0.0,0.0,0.0,0.0,0.0,0.0,,1358.0,0.0,,,0.0,1.0,0.0,Quick,Quick specialist,0,0,0,0,,,,0.2739472286066997,1,4,False,0.4521055427866005,NY,1,True,False,True,3,1,115.260791488356,115.89311678413912,0.0,Multi-state competitor,approximate (city-level)
15816753,2025-10-28,1355.0,21,0.238095238095238,185,185,0,0,0,3,0,1,,,,,,,,,,3,2,1,1,0.21875,0.1875,0.0,0.0,0.0,0.0,0.0,131.0,,1355.0,0.0,,0.0,0.0,1.0,0.0,Quick,Quick specialist,0,0,0,0,0.1739130434782608,0.1739130434782608,1439.106382978723,0.434631479330587,2,3,False,0.130737041338826,NY,1,True,False,True,1,1,111.61614841039955,111.61614841039955,0.0,Multi-state competitor,approximate (city-level)
30110811,2025-10-28,1341.0,5,0.4,1325,1325,0,0,0,0,0,0,,,,,,,,,,0,0,0,1,0.0,0.0,0.0,0.0,0.0,0.0,0.0,0.0,,1341.0,0.0,,,1.0,0.0,0.0,Regular,Regular specialist,0,0,0,0,,,,0.4230698674789634,1,1,False,0.153860265042073,MA,1,True,True,True,1,1,23.65909661470455,23.659096614704545,0.0,Local grinder,approximate (city-level)
31307108,2025-10-28,1334.0,2,0.5,91,91,0,0,1,2,0,2,,,,,,,,,,0,0,0,0,,0.0,0.0,0.0,0.0,0.0,179.0,,,1334.0,0.0,,126.572113832392,1.0,0.0,0.0,,Regular specialist,0,0,1,1,0.9,0.5890977443609022,952.2021538461538,0.431058626828434,1,1,False,0.137882746343132,GA,1,True,True,True,4,4,1052.4514797500965,2178.553206185119,0.84,Tournament road warrior,approximate (city-level)
16387797,2025-10-28,1316.0,86,0.2325581395348837,20,20,5,8,15,32,2,10,0.0,0.0,0.0625,-0.2325581395348837,0.375,0.375,0.375,-96.375,223.375,5,3,7,7,0.1956521739130435,0.108695652173913,0.0,0.1764705882352941,-13.0,-15.0,16.0,0.0,-0.135391195124744,1352.0,36.0,0.0,17.9995239632393,0.9534883720930232,0.0465116279069767,0.0,Regular,Regular specialist,0,0,1,1,0.9166666666666666,0.3934902679020326,1507.589492601417,0.4187078673167247,5,8,True,0.1625842653665504,NY,1,True,False,False,1,1,111.61614841039955,111.61614841039955,0.0,Multi-state competitor,approximate (city-level)
30379361,2025-10-28,1314.0,37,0.3243243243243243,600,600,0,0,0,0,0,0,,,,,,,,,,5,5,1,0,0.1964285714285714,0.1785714285714285,0.0,0.0,0.0,0.0,0.0,0.0,,1314.0,0.0,,,0.5135135135135135,0.4864864864864865,0.0,Regular,Mixed-format player,0,0,0,0,,,,0.3774749180998183,2,8,False,0.2450501638003633,NY,1,True,False,True,3,1,57.94655839206956,115.89311678413912,0.0,Regional traveler,approximate (city-level)
30733235,2025-10-28,1314.0,83,0.4578313253012048,10,10,8,16,20,42,4,11,0.75,0.5,0.5625,0.0421686746987952,0.3125,0.25,0.0,44.375,113.75,0,0,0,4,0.0357142857142857,0.0,0.0,0.0,97.0,135.0,97.0,-22.0,0.4644655445259678,1314.0,0.0,118.0,40.88043811743748,0.3975903614457831,0.6024096385542169,0.0,Quick,Mixed-format player,0,0,1,3,0.99009900990099,0.5322546076111055,1186.1226952019,0.4192232433647183,6,4,False,0.1615535132705633,NY,1,False,False,False,3,1,93.41012242306465,115.1861371399849,0.0,Regional traveler,approximate (city-level)
30126813,2025-10-28,1310.0,5,0.2,652,652,0,0,0,0,0,0,,,,,,,,,,1,1,0,0,0.2,0.2,0.0,0.0,0.0,0.0,0.0,0.0,,1310.0,0.0,,,0.0,1.0,0.0,Quick,Quick specialist,0,0,0,0,,,,0.4912036411921464,1,4,False,0.0175927176157071,NY,1,True,False,True,1,1,111.61614841039955,111.61614841039955,0.0,Multi-state competitor,approximate (city-level)
30576909,2025-10-28,1296.0,13,0.4615384615384615,211,211,0,0,0,9,0,3,,,,,,,,,,0,0,0,1,0.0,0.0,0.0,0.0,0.0,0.0,0.0,180.0,,1449.0,153.0,,72.34466117136772,0.3076923076923077,0.6923076923076923,0.0,Quick,Mixed-format player,0,0,0,1,0.75,0.532051282051282,1201.3320987654322,0.3807810092366962,2,1,False,0.2384379815266075,NY,1,True,True,True,2,2,158.95846643420782,348.32773852944086,0.2,Multi-state competitor,approximate (city-level)
31817543,2025-10-28,1295.0,8,0.375,29,29,4,8,8,8,2,2,0.5,0.375,0.625,0.0,0.625,0.625,0.625,-181.25,278.75,2,2,2,0,0.6,0.4,0.4,0.4,-82.0,,,,-1.6400000000000032,1377.0,82.0,0.0,43.8308436736376,1.0,0.0,0.0,Regular,Regular specialist,0,0,2,2,0.9130434782608696,0.813664596273292,1411.3958333333337,0.4726372580515008,3,1,False,0.0547254838969983,NY,1,True,False,True,1,1,111.61614841039955,111.61614841039955,0.0,Multi-state competitor,approximate (city-level)
30595584,2025-10-28,1285.0,38,0.3947368421052631,93,93,0,0,9,22,0,7,,,,,,,,,,3,2,1,2,0.2647058823529412,0.1764705882352941,0.0,0.2142857142857142,0.0,0.0,255.0,-31.0,0.1789819376026261,1321.0,36.0,,107.73022262021398,0.7631578947368421,0.2368421052631578,0.0,Quick,Regular specialist,0,0,1,1,0.84375,0.5271299708799708,1485.155181012324,0.3798517866197888,3,6,False,0.2402964267604224,NJ,1,True,False,True,6,3,1101.8690815539117,2538.476626598255,0.7619047619047619,Tournament road warrior,approximate (city-level)
12833116,2025-10-28,1254.0,4,0.75,9005,9005,0,0,0,0,0,0,,,,,,,,,,0,0,0,0,,0.0,0.0,0.0,0.0,0.0,0.0,0.0,,1254.0,0.0,,,0.0,0.0,0.0,,Mixed-format player,0,0,0,0,,,,0.3485821478916554,3,1,False,0.3028357042166891,LA,1,True,True,True,0,0,,,,Insufficient location data,low
15850806,2025-10-28,1252.0,10,0.4,1046,1046,0,0,0,0,0,0,,,,,,,,,,2,2,2,0,0.375,0.25,0.0,0.0,0.0,0.0,0.0,0.0,,1252.0,0.0,,,0.7,0.3,0.0,Regular,Mixed-format player,0,0,0,0,,,,0.3947469932894308,2,1,False,0.2105060134211384,NY,1,True,False,True,2,2,173.471094075823,235.32603974124646,0.5,Multi-state competitor,approximate (city-level)
30262675,2025-10-28,1218.0,39,0.6153846153846154,184,184,0,0,0,8,0,3,,,,,,,,,,2,1,1,0,0.2272727272727272,0.1818181818181818,0.0,0.25,0.0,0.0,0.0,-62.0,,1259.0,41.0,,18.14819943843308,0.2051282051282051,0.7948717948717948,0.0,Quick,Quick specialist,0,1,1,2,1.0,0.6555555555555556,1251.9158249158252,0.289041547828198,7,3,False,0.4219169043436039,NY,1,True,False,True,5,4,386.9837893625188,661.1260044961872,0.8888888888888888,Multi-state competitor,approximate (state-level)
30143287,2025-10-28,1214.0,54,0.4259259259259259,471,471,0,0,0,0,0,0,,,,,,,,,,8,4,1,1,0.2741935483870967,0.2580645161290322,0.0,0.0,0.0,0.0,0.0,0.0,,1214.0,0.0,,,0.074074074074074,0.925925925925926,0.0,Quick,Quick specialist,0,0,0,0,,,,0.3950910631805377,3,6,False,0.2098178736389245,NY,1,True,False,True,1,1,111.61614841039955,111.61614841039955,0.0,Multi-state competitor,approximate (city-level)
17320800,2025-10-28,1200.0,32,0.4375,249,249,0,0,0,2,0,1,,,,,,,,,,2,0,0,2,0.2857142857142857,0.2857142857142857,0.0,0.0,0.0,0.0,0.0,-36.0,,1200.0,0.0,,0.0,0.84375,0.15625,0.0,Regular,Regular specialist,0,0,0,0,0.04,0.04,1369.3529411764705,0.460901263241644,3,3,False,0.078197473516712,NY,1,True,False,True,2,1,37.20538280346651,111.61614841039955,0.0,Regional traveler,approximate (state-level)
30642594,2025-10-28,1196.0,8,0.25,458,458,0,0,0,0,0,0,,,,,,,,,,0,0,0,2,0.0,0.0,0.0,0.0,0.0,0.0,0.0,0.0,,1196.0,0.0,,,1.0,0.0,0.0,Regular,Regular specialist,0,0,0,0,,,,0.4069303207061363,1,2,False,0.1861393585877273,TX,1,True,True,True,1,1,55.43420672832856,55.43420672832856,0.0,Regional traveler,approximate (city-level)
32169309,2025-10-28,1172.0,3,0.3333333333333333,123,123,0,0,3,3,0,1,,,,,,,,,,1,1,0,2,1.0,1.0,0.0,1.0,0.0,0.0,,,,1172.0,0.0,,0.0,0.0,1.0,0.0,,Quick specialist,0,0,0,0,0.1666666666666666,0.1666666666666666,1052.8333333333333,0.9391371042902884,1,1,False,0.0,NJ,1,True,True,True,1,1,0.0,0.0,0.0,Local grinder,approximate (state-level)
30100530,2025-10-28,1065.0,12,0.3333333333333333,338,338,0,0,0,3,0,1,,,,,,,,,,1,1,1,0,0.1666666666666666,0.1111111111111111,0.0,0.0,0.0,0.0,0.0,-1.0,,1065.0,0.0,,0.0,0.0,1.0,0.0,Quick,Quick specialist,0,1,1,1,1.0,1.0,918.9285714285714,0.3179411292217246,3,5,False,0.3641177415565507,NY,1,True,False,True,2,1,115.35849573742168,115.89311678413912,0.0,Multi-state competitor,approximate (city-level)
32180732,2025-10-28,963.0,6,0.6666666666666666,240,240,0,0,0,6,0,3,,,,,,,,,,0,0,0,0,0.0,0.0,0.0,0.0,0.0,0.0,0.0,,,975.0,12.0,,18.85382366170498,0.0,1.0,0.0,Quick,Quick specialist,0,0,0,1,0.8857142857142857,0.7159408492741827,1059.1348187759952,0.1181230163092193,2,2,False,0.7637539673815613,NJ,1,True,True,True,1,1,39.36777831881205,39.36777831881205,1.0,Regional traveler,approximate (city-level)
32304487,2025-10-28,921.0,6,0.5,128,128,0,0,4,6,0,3,,,,,,,,,,1,1,0,0,0.25,0.25,0.0,0.25,0.0,0.0,222.0,,-0.0333333333333449,922.0,1.0,,114.89937626752666,1.0,0.0,0.0,Regular,Regular specialist,0,0,0,3,0.875,0.7788461538461539,822.5779220779222,0.4281569472144896,1,2,False,0.1436861055710208,CA,1,True,True,True,2,1,156.28802842116647,164.13954223314764,0.0,Multi-state competitor,approximate (city-level)
17295978,2025-10-28,879.0,18,0.6111111111111112,206,206,0,0,0,3,0,1,,,,,,,,,,5,2,1,0,0.6111111111111112,0.5555555555555556,0.0,0.0,0.0,0.0,0.0,-550.0,,879.0,0.0,,0.0,0.5,0.5,0.0,Regular,Mixed-format player,0,0,0,0,0.2631578947368421,0.2631578947368421,1048.0,0.4594270764494875,4,2,False,0.081145847101025,NY,1,True,False,True,4,2,85.39702297007995,348.32773852944086,0.125,Regional traveler,approximate (state-level)
30632791,2025-10-28,807.0,19,0.3684210526315789,2,2,3,9,9,19,3,6,0.3333333333333333,0.3333333333333333,0.3333333333333333,-0.0350877192982456,0.3333333333333333,0.3333333333333333,0.3333333333333333,39.0,394.77777777777777,0,0,0,2,0.0,0.0,0.0,0.0,-29.0,155.0,155.0,,2.295107033639141,836.0,29.0,209.0,192.740485463854,0.0,1.0,0.0,Quick,Quick specialist,0,0,2,3,0.9375,0.5149801587301587,652.4214743589744,0.3746110512648954,4,5,False,0.250777897470209,WI,1,True,False,True,8,6,1066.2276882021954,1751.3233516632288,0.7142857142857143,Tournament road warrior,approximate (city-level)
30602576,2025-10-28,577.0,1,0.0,1087,1087,0,0,0,0,0,0,,,,,,,,,,0,0,0,0,,0.0,0.0,0.0,0.0,0.0,0.0,0.0,,577.0,0.0,,,1.0,0.0,0.0,,Regular specialist,0,0,0,0,,,,,0,0,False,,NY,1,True,True,True,2,1,0.0,0.0,0.0,Local grinder,approximate (state-level)
31291081,2025-10-28,513.0,7,0.2857142857142857,563,563,0,0,0,0,0,0,,,,,,,,,,0,0,0,1,0.0,0.0,0.0,0.0,0.0,0.0,0.0,0.0,,513.0,0.0,,,0.4285714285714285,0.5714285714285714,0.0,,Mixed-format player,0,0,0,0,,,,0.3501571071683971,1,2,False,0.2996857856632057,FL,1,True,True,True,3,2,635.169876880132,2427.605769226072,0.25,Tournament road warrior,approximate (city-level)
30171728,2025-10-28,259.0,7,0.2857142857142857,522,522,0,0,0,0,0,0,,,,,,,,,,1,0,1,1,0.375,0.25,0.0,0.0,0.0,0.0,0.0,0.0,,259.0,0.0,,,1.0,0.0,0.0,Regular,Regular specialist,0,0,0,0,,,,0.5274027964833735,2,2,False,0.0,NY,1,True,True,True,2,1,0.0,0.0,0.0,Local grinder,approximate (state-level)
