game_id,player_id,opponent_id,rating_diff,time_control,target_binary,elo_p_win,elo_pred
202506300572_15078846_R3,15078846,12503918,152,Quick,1,0.7057813597120025,1
202506306782_30328482_R1,30328482,30744208,251,Unknown,1,0.809207997485838,1
202506306782_30328482_R2,30328482,12481381,300,Unknown,1,0.8490204427886767,1
202506306782_30328482_R3,30328482,15574203,-178,Unknown,0,0.2641225558985236,0
202506306782_30328482_R4,30328482,16967853,85,Unknown,1,0.6199413590445233,1
202506306782_30328482_R5,30328482,14006506,-158,Unknown,0,0.287097842594546,0
202506306782_30328482_R6,30328482,16368295,117,Unknown,1,0.6622877974308888,1
202506306782_30328482_R7,30328482,16863611,-246,Unknown,0,0.19527530650074057,0
202506306782_30328482_R8,30328482,30020504,274,Unknown,1,0.8288176477542757,1
202506306782_30328482_R9,30328482,30784129,153,Unknown,1,0.7069752948085409,1
202507016932_16180893_R1,16180893,31496276,-422,Regular,0,0.08097095080544864,0
202507016932_16180893_R2,16180893,16010621,-153,Regular,0,0.293024705191459,0
202507016932_16180893_R3,16180893,12833623,-205,Regular,0,0.23503873644731077,0
202507016932_16180893_R4,16180893,30405739,-475,Regular,0,0.06097834165795565,0
202507016932_16180893_R5,16180893,15180666,-282,Regular,0,0.16474716768603853,0
202507016932_16180893_R6,16180893,30720535,-270,Regular,0,0.17447401263881834,0
202507016932_16180893_R7,16180893,31719484,-505,Regular,0,0.0518079388895503,0
202507016932_16180893_R8,16180893,14943697,-293,Regular,0,0.1562177520757074,0
202507016932_16180893_R9,16180893,15914362,-263,Regular,0,0.18035418550531074,0
202507017052_10060842_R1,10060842,11266631,-301,Regular,0,0.15024314815725381,0
202507017052_10060842_R3,10060842,10068649,-96,Regular,0,0.3652566649476832,0
202507017052_10060842_R4,10060842,15048083,405,Regular,1,0.9114417700030158,1
202507017052_10060842_R5,10060842,11489052,-313,Regular,0,0.14163539582610227,0
202507017082_17035355_R1,17035355,15724996,249,Regular,0,0.8074241816712792,1
202507017082_17035355_R2,17035355,16720952,428,Regular,1,0.9215623250569782,1
202507017082_17035355_R3,17035355,15085398,42,Regular,0,0.5601501452319029,1
202507017082_17035355_R4,17035355,30569451,487,Regular,1,0.9428591346675568,1
202507017082_17035355_R5,17035355,14542170,60,Regular,0,0.5854986786718095,1
202507017082_17035355_R6,17035355,17015896,133,Regular,0,0.6825703854747719,1
202507017112_16967853_R1,16967853,30078321,301,Regular,1,0.8497568518427462,1
202507017112_16967853_R2,16967853,15263634,170,Regular,0,0.726830072276731,1
202507017112_16967853_R3,16967853,30359466,198,Regular,1,0.7576391748622517,1
202507017112_16967853_R4,16967853,16019966,-12,Regular,0,0.4827374755676238,0
202507017112_16967853_R5,16967853,15524414,-368,Regular,0,0.10732333999384593,0
202507017112_16967853_R6,16967853,12885132,-148,Regular,1,0.29902260138989206,0
202507019172_10060842_R1,10060842,12773840,-103,Regular,0,0.35596614617770733,0
202507019172_10060842_R3,10060842,14158400,-56,Regular,0,0.42010023964211857,0
202507037912_15361305_R1,15361305,30120639,409,Quick,1,0.9132827941566174,1
202507037912_15361305_R2,15361305,12707937,-401,Quick,0,0.09043446919256597,0
202507037912_15361305_R3,15361305,30657689,283,Quick,1,0.836043425542047,1
202507037912_15361305_R4,15361305,14684907,-148,Quick,0,0.29902260138989206,0
202507048192_16489786_R1,16489786,30516479,451,Quick,1,0.9306143375182546,1
202507048192_16489786_R2,16489786,16129907,264,Quick,0,0.820495207286423,1
202507048192_16489786_R3,16489786,16538876,327,Quick,1,0.8678823457606359,1
202507050582_15078846_R1,15078846,31087905,357,Regular,0,0.8864576236639505,1
202507050582_15078846_R2,15078846,31626161,959,Regular,1,0.9960119138317937,1
202507050582_15078846_R3,15078846,31686618,527,Regular,1,0.9540716351028596,1
202507050582_15078846_R4,15078846,14740995,287,Regular,1,0.8391753178526756,1
202507058962_31373726_R1,31373726,32224281,-91,Regular,1,0.3719551943780582,0
202507058962_31373726_R2,31373726,13453097,-207,Regular,0,0.23297508185497873,0
202507058962_31373726_R3,31373726,15801702,-121,Regular,0,0.33258157812677697,0
202507064822_13011217_R1,13011217,30091731,918,Quick,1,0.9949556672157635,1
202507064822_13011217_R2,13011217,30509484,916,Quick,1,0.994897554632018,1
202507069462_15197996_R1,15197996,31653750,461,Regular,1,0.9342404734144619,1
202507069462_15197996_R2,15197996,16451884,-155,Regular,0,0.29064536940123664,0
202507069462_15197996_R3,15197996,14800390,200,Regular,1,0.7597469266479578,1
202507069462_15197996_R4,15197996,31275275,110,Regular,1,0.6532171672188698,1
202507069462_15197996_R5,15197996,16771628,86,Regular,0,0.6212967231224545,1
202507069482_31004023_R1,31004023,30394882,78,Regular,0,0.6104024220946891,1
202507069482_31004023_R2,31004023,30063365,128,Regular,1,0.676301669492737,1
202507069482_31004023_R3,31004023,10098327,-94,Regular,1,0.3679299878999264,0
202507069482_31004023_R4,31004023,13441952,1,Regular,0,0.5014391117091528,1
202507069482_31004023_R5,31004023,16301835,89,Regular,0,0.6253513933075368,1
202507069512_12650696_R1,12650696,12687814,355,Regular,1,0.8852936760540788,1
202507069512_12650696_R2,12650696,17032815,349,Regular,0,0.8817393593419074,1
202507069512_12650696_R3,12650696,31128131,381,Regular,1,0.8996383151500511,1
202507069512_12650696_R4,12650696,16083648,240,Regular,0,0.7992399910868982,1
202507069512_12650696_R5,12650696,16310431,258,Regular,1,0.8153518152833006,1
202507069512_12650696_R6,12650696,17112386,81,Regular,0,0.6145013610085578,1
202507069942_14793323_R1,14793323,14933293,-225,Regular,0,0.21497326300182792,0
202507069942_14793323_R2,14793323,30095222,156,Regular,0,0.7105400123698378,1
202507069942_14793323_R3,14793323,16566891,92,Regular,0,0.6293885472175023,1
202507069942_14793323_R4,14793323,16113408,80,Regular,1,0.6131368201531431,1
202507069942_14793323_R5,14793323,16427685,125,Regular,1,0.672509643334985,1
202507069942_14793323_R6,14793323,15992594,212,Regular,1,0.7721286734685839,1
202507069942_14793323_R7,14793323,31646394,-16,Regular,0,0.4769904127024377,0
202507070092_14800390_R1,14800390,15458137,351,Regular,1,0.8829346041256821,1
202507070092_14800390_R2,14800390,31761552,-80,Regular,0,0.3868631798468569,0
202507070092_14800390_R3,14800390,32328499,391,Regular,1,0.9047175302821824,1
202507070092_14800390_R4,14800390,12819377,-145,Regular,0,0.30265492141014677,0
202507070092_14800390_R5,14800390,12962172,-112,Regular,0,0.344179494087605,0
202507070092_14800390_R6,14800390,31814076,102,Regular,0,0.6427130688326204,1
202507070102_16082850_R2,16082850,17036117,177,Regular,1,0.7347570893165466,1
202507070102_16082850_R3,16082850,13696874,-59,Regular,0,0.41589904118632204,0
202507070102_16082850_R4,16082850,17055851,28,Regular,0,0.5402082283237456,1
202507070102_16082850_R5,16082850,12523517,-19,Regular,0,0.4726840269935071,0
202507070102_16082850_R6,16082850,30337747,212,Regular,1,0.7721286734685839,1
202507070592_15078846_R1,15078846,30072898,178,Quick,0,0.7358774441014764,1
202507070592_15078846_R2,15078846,16366152,227,Quick,1,0.7869632793894692,1
202507070592_15078846_R3,15078846,12915762,127,Quick,0,0.6750402010402987,1
202507090772_16387797_R1,16387797,12089560,-169,Regular,0,0.27431435372821295,0
202507090772_16387797_R2,16387797,32249294,246,Regular,1,0.8047246934992595,1
202507090792_15197996_R1,15197996,30120639,132,Regular,0,0.6813218351663937,1
202507090792_15197996_R2,15197996,15644772,144,Regular,1,0.6961287704295998,1
202507090792_15197996_R3,15197996,13615286,-251,Regular,0,0.19079200251416192,0
202507090792_15197996_R4,15197996,12819377,75,Regular,1,0.6062878237854281,1
202507090792_15197996_R5,15197996,10079331,-100,Regular,0,0.35993500019711494,0
202507090792_15197996_R6,15197996,12671738,46,Regular,1,0.5658152030692333,1
202507090872_30135902_R1,30135902,12518543,68,Regular,0,0.596629173305774,1
202507100892_30163816_R1,30163816,17292303,47,Regular,0,0.5672288443429522,1
202507100892_30163816_R3,30163816,30494926,-100,Regular,0,0.35993500019711494,0
202507101072_16489786_R1,16489786,31036115,445,Quick,1,0.9283506820134463,1
202507101072_16489786_R2,16489786,12693373,-390,Quick,0,0.09577985563038598,0
202507101072_16489786_R3,16489786,13922312,116,Quick,1,0.6609990912463583,1
202507101072_16489786_R4,16489786,10502772,-265,Quick,0,0.17865852826298803,0
202507111462_13377996_R2,13377996,32128802,1398,Regular,1,0.9996802127856066,1
202507111462_13377996_R3,13377996,30789361,684,Regular,1,0.9808744720758243,1
202507111692_16378945_R1,16378945,14946545,-150,Quick,0,0.29661499652817136,0
202507111692_16378945_R2,16378945,12808731,-40,Quick,0,0.44268836623770724,0
202507111692_16378945_R3,16378945,16381431,91,Quick,0,0.6280448056219418,1
202507121732_16024663_R1,16024663,14565351,-3,Regular,0,0.49568276024494023,0
202507121732_16024663_R2,16024663,15197624,-24,Regular,0,0.46551605527316847,0
202507121732_16024663_R3,16024663,16388550,25,Regular,0,0.5359159269451023,1
202507122342_10164176_R1,10164176,30757702,514,Regular,1,0.9506787811338805,1
202507122342_10164176_R2,10164176,14436383,476,Regular,1,0.9393504414906022,1
202507122342_10164176_R3,10164176,12655385,183,Regular,0,0.7414335229692995,1
202507122352_16967853_R2,16967853,17200621,748,Regular,1,0.9866899192234028,1
202507122352_16967853_R3,16967853,31806207,276,Regular,1,0.8304449113532372,1
202507122352_16967853_R4,16967853,31549289,-37,Regular,0,0.4469531048305375,0
202507123152_16378945_R1,16378945,30917661,273,Regular,1,0.8279993802611698,1
202507123152_16378945_R2,16378945,16974321,148,Regular,1,0.700977398610108,1
202507123152_16378945_R3,16378945,30499754,445,Regular,1,0.9283506820134463,1
202507123152_16378945_R4,16378945,12744446,-275,Regular,0,0.17036717656865663,0
202507123882_16899496_R1,16899496,15588925,-19,Regular,1,0.4726840269935071,0
202507123882_16899496_R2,16899496,14758454,-77,Regular,1,0.39096739659576046,0
202507123882_16899496_R3,16899496,16956146,76,Regular,0,0.6076610641268197,1
202507123882_16899496_R4,16899496,13618381,192,Regular,1,0.7512407935337106,1
202507124232_17321301_R1,17321301,30828002,31,Regular,1,0.544494573083008,1
202507124232_17321301_R2,17321301,31312167,337,Regular,1,0.8743442268185462,1
202507124232_17321301_R3,17321301,30736471,-230,Regular,0,0.21015582024186943,0
202507124232_17321301_R4,17321301,17321097,117,Regular,0,0.6622877974308888,1
202507133382_30176249_R1,30176249,16863611,-6,Regular,0,0.4913661641789174,0
202507133382_30176249_R2,30176249,13208885,53,Regular,0,0.5756869523764296,1
202507133382_30176249_R3,30176249,14653287,97,Regular,0,0.6360768996878818,1
202507133382_30176249_R4,30176249,14684893,172,Regular,0,0.7291099628977525,1
202507133382_30176249_R5,30176249,15969005,50,Regular,0,0.5714631174083814,1
202507133382_30176249_R6,30176249,15268233,251,Regular,0,0.809207997485838,1
202507133382_30176249_R7,30176249,15249281,155,Regular,0,0.7093546305987634,1
202507133382_30176249_R8,30176249,12860484,138,Regular,0,0.6887735686687132,1
202507133382_30176249_R9,30176249,13856778,170,Regular,0,0.726830072276731,1
202507133452_30020975_R1,30020975,14006506,-132,Regular,0,0.3186781648336063,0
202507133452_30020975_R2,30020975,12909025,-36,Regular,0,0.4483764526890395,0
202507133452_30020975_R3,30020975,30405739,-126,Regular,0,0.32622381211167784,0
202507133452_30020975_R4,30020975,15799078,-55,Regular,1,0.42150324765525726,0
202507133452_30020975_R5,30020975,15574203,-144,Regular,0,0.3038712295704002,0
202507133452_30020975_R6,30020975,12885132,-41,Regular,0,0.44126863067523897,0
202507133452_30020975_R7,30020975,31719484,-150,Regular,0,0.29661499652817136,0
202507133452_30020975_R8,30020975,16379802,-48,Regular,0,0.43135860811633236,0
202507133452_30020975_R9,30020975,15263943,47,Regular,0,0.5672288443429522,1
202507133542_17128308_R1,17128308,14390720,100,Regular,0,0.6400649998028851,1
202507133542_17128308_R2,17128308,15106903,72,Regular,0,0.6021580931747169,1
202507133542_17128308_R3,17128308,17117362,74,Regular,0,0.6049129020079569,1
202507133542_17128308_R4,17128308,12774447,-167,Regular,0,0.27661213056082945,0
202507133542_17128308_R5,17128308,32222603,-68,Regular,0,0.403370826694226,0
202507133542_17128308_R6,17128308,16202460,81,Regular,1,0.6145013610085578,1
202507133542_17128308_R7,17128308,16730991,125,Regular,1,0.672509643334985,1
202507133542_17128308_R8,17128308,17075132,52,Regular,0,0.5742802036545245,1
202507133542_17128308_R9,17128308,32252441,-102,Regular,0,0.3572869311673796,0
202507133562_16722325_R1,16722325,15012516,-51,Regular,1,0.4271277486054956,0
202507133562_16722325_R3,16722325,16303021,-86,Regular,0,0.3787032768775454,0
202507133562_16722325_R4,16722325,15914665,9,Regular,0,0.5129491448928637,1
202507133562_16722325_R5,16722325,16761994,24,Regular,0,0.5344839447268315,1
202507133562_16722325_R6,16722325,12542077,-76,Regular,0,0.39233893587318014,0
202507133562_16722325_R7,16722325,32464064,-115,Regular,0,0.34029200585525193,0
202507133562_16722325_R8,16722325,16397710,-38,Regular,1,0.44553062597832394,0
202507133562_16722325_R9,16722325,32007544,-245,Regular,0,0.19618148057531573,0
202507133632_16059387_R1,16059387,30266231,283,Regular,1,0.836043425542047,1
202507133632_16059387_R2,16059387,14732288,-675,Regular,0,0.020122039154696267,0
202507133632_16059387_R3,16059387,30330738,114,Regular,1,0.6584145209169125,1
202507133632_16059387_R4,16059387,17080545,-187,Regular,0,0.2541767916495005,0
202507134022_17171472_R1,17171472,17268125,-565,Regular,0,0.03724069065642851,0
202507134022_17171472_R2,17171472,17103011,-485,Regular,0,0.05776430503675303,0
202507134022_17171472_R3,17171472,30067415,-384,Regular,0,0.0988131708783323,0
202507134022_17171472_R4,17171472,17348857,70,Regular,1,0.5993967967092568,1
202507134362_16392562_R1,16392562,10346355,126,Regular,0,0.6737761878883222,1
202507134362_16392562_R2,16392562,30658202,76,Regular,1,0.6076610641268197,1
202507134362_16392562_R3,16392562,30041126,211,Regular,0,0.7711142606875975,1
202507134362_16392562_R4,16392562,16669663,57,Regular,0,0.581301478368915,1
202507134362_16392562_R5,16392562,31345345,228,Regular,0,0.7879267680774021,1
202507134692_30444207_R2,30444207,16586700,-247,Regular,0,0.19437230595634977,0
202507134692_30444207_R3,30444207,30098055,-141,Regular,0,0.3075366074204823,0
202507134692_30444207_R4,30444207,17310824,-121,Regular,0,0.33258157812677697,0
202507134692_30444207_R5,30444207,30054176,-109,Regular,0,0.34808796012533627,0
202507135222_31373726_R1,31373726,16876356,866,Regular,1,0.9932073393247043,1
202507135222_31373726_R2,31373726,30225454,19,Regular,1,0.527315973006493,1
202507135222_31373726_R3,31373726,31328127,83,Regular,1,0.6172250309049463,1
202507145042_15078846_R1,15078846,30072898,162,Quick,0,0.7175917231915314,1
202507145042_15078846_R2,15078846,14740995,260,Quick,1,0.8170788341999742,1
202507145042_15078846_R3,15078846,13127034,210,Quick,1,0.770096676660982,1
202507154982_10051932_R1,10051932,30762241,840,Regular,1,0.9921193161496697,1
202507154982_10051932_R2,10051932,17256666,211,Regular,0,0.7711142606875975,1
202507154982_10051932_R3,10051932,12848900,346,Regular,1,0.8799266880106169,1
202507154982_10051932_R4,10051932,15078894,161,Regular,0,0.7164236941029388,1
202507154982_10051932_R5,10051932,14158400,84,Regular,0,0.6185841220890307,1
202507155012_14176605_R1,14176605,15255524,-187,Quick,1,0.2541767916495005,0
202507155012_14176605_R2,14176605,10047871,-279,Quick,0,0.16713730973962054,0
202507155012_14176605_R3,14176605,15706544,-160,Quick,0,0.2847472489508014,0
202507165432_16967853_R1,16967853,30013886,270,Quick,0,0.8255259873611817,1
202507165432_16967853_R2,16967853,12663277,235,Quick,1,0.7945819150362295,1
202507165432_16967853_R3,16967853,15895821,219,Quick,1,0.7791406208194696,1
202507175572_30163816_R1,30163816,30494926,-98,Regular,0,0.36259162325551547,0
202507175572_30163816_R2,30163816,16740405,-113,Regular,0,0.34288131351292145,0
202507175572_30163816_R3,30163816,17292303,24,Regular,1,0.5344839447268315,1
202507175572_30163816_R4,30163816,30053068,-101,Regular,0,0.35860988804438204,0
202507175762_16489786_R1,16489786,12820789,239,Quick,0,0.7983147441549775,1
202507175762_16489786_R2,16489786,15197996,140,Quick,0,0.691236152414763,1
202507175762_16489786_R3,16489786,12819377,199,Quick,1,0.7586946201468556,1
202507175762_16489786_R4,16489786,30018285,49,Quick,0,0.5700528235839882,1
202507185932_14988052_R10,14988052,32404499,341,Regular,1,0.8768522650807969,1
202507186162_13377996_R1,13377996,15930781,152,Regular,0,0.7057813597120025,1
202507186162_13377996_R2,13377996,20006337,69,Regular,1,0.5980137657693436,1
202507186162_13377996_R3,13377996,16744105,24,Regular,1,0.5344839447268315,1
202507196742_16378945_R1,16378945,30107722,746,Regular,1,0.986537870581975,1
202507196742_16378945_R2,16378945,16995856,205,Regular,1,0.7649612635526892,1
202507196742_16378945_R3,16378945,12808731,-25,Regular,0,0.4640840730548977,0
202507196742_16378945_R4,16378945,17050607,332,Regular,0,0.8711477984045555,1
202507196852_30135488_R1,30135488,10267170,121,Regular,0,0.667418421873223,1
202507196852_30135488_R2,30135488,13618381,67,Regular,1,0.5952430396515719,1
202507196852_30135488_R3,30135488,30427379,103,Regular,1,0.6440338538222926,1
202507196932_15197996_R2,15197996,13837077,89,Regular,0,0.6253513933075368,1
202507196932_15197996_R3,15197996,30246691,215,Regular,1,0.7751528656496841,1
202507196932_15197996_R4,15197996,30337761,142,Regular,1,0.6936879164219654,1
202507197032_15216206_R1,15216206,30465273,336,Regular,1,0.8737104209450813,1
202507197032_15216206_R2,15216206,15180666,-261,Regular,0,0.18206236894188432,0
202507197032_15216206_R3,15216206,17232277,304,Regular,1,0.8519483458525737,1
202507197032_15216206_R4,15216206,14565351,-110,Regular,0,0.34678283278113026,0
202507197292_14737573_R1,14737573,16813540,676,Regular,1,0.979991148859336,1
202507197292_14737573_R2,14737573,30183383,538,Regular,1,0.9567678748368029,1
202507197292_14737573_R3,14737573,14885948,238,Regular,1,0.7973863140277038,1
202507197292_14737573_R4,14737573,10379041,18,Regular,1,0.525880930891169,1
202507197292_14737573_R5,14737573,30397966,830,Regular,1,0.9916562524698975,1
202507207942_10017751_R1,10017751,16795358,-308,Regular,0,0.14517082246824042,0
202507207942_10017751_R2,10017751,30240628,116,Regular,0,0.6609990912463583,1
202507207942_10017751_R4,10017751,12452791,-400,Regular,0,0.09090909090909091,0
202507208032_30328482_R1,30328482,12598805,163,Regular,0,0.718756829898782,1
202507208032_30328482_R2,30328482,16620508,285,Regular,1,0.8376154583713974,1
202507208032_30328482_R3,30328482,17052301,27,Regular,0,0.5387780920571715,1
202507208032_30328482_R4,30328482,12831900,283,Regular,1,0.836043425542047,1
202507208032_30328482_R5,30328482,32500031,-82,Regular,0,0.384135895746244,0
202507208032_30328482_R6,30328482,16202460,161,Regular,1,0.7164236941029388,1
202507208032_30328482_R7,30328482,30405739,-147,Regular,0,0.3002305967379419,0
202507208032_30328482_R8,30328482,17154490,145,Regular,0,0.6973450785898532,1
202507208032_30328482_R9,30328482,12693373,68,Regular,1,0.596629173305774,1
202507208272_16299917_R1,16299917,12627935,234,Regular,0,0.7936407431881689,1
202507208272_16299917_R2,16299917,16816953,444,Regular,1,0.9279668414961574,1
202507208272_16299917_R3,16299917,30204505,551,Regular,1,0.9597595843686243,1
202507208272_16299917_R4,16299917,17083043,219,Regular,0,0.7791406208194696,1
202507208272_16299917_R5,16299917,15357870,71,Regular,0,0.6007782458900109,1
202507208362_17299788_R1,17299788,17280624,-267,Regular,0,0.17697537107826786,0
202507208362_17299788_R2,17299788,30043465,-166,Regular,1,0.2777654663508294,0
202507208772_31821604_R1,31821604,16314627,65,Regular,1,0.5924662305843318,1
202507208772_31821604_R2,31821604,30176249,-229,Regular,0,0.21111293178984536,0
202507208772_31821604_R3,31821604,14951916,-165,Regular,0,0.2789217568024399,0
202507208772_31821604_R4,31821604,16192001,55,Regular,0,0.5784967523447427,1
202507208772_31821604_R5,31821604,15437654,-24,Regular,0,0.46551605527316847,0
202507208772_31821604_R6,31821604,15694597,-82,Regular,0,0.384135895746244,0
202507208772_31821604_R7,31821604,12802899,-222,Regular,0,0.2179019838686814,0
202507208772_31821604_R8,31821604,16863611,-241,Regular,0,0.1998379440848642,0
202507208772_31821604_R9,31821604,30472634,-142,Regular,0,0.3063120835780346,0
202507208842_15078846_R1,15078846,16413780,246,Regular,0,0.8047246934992595,1
202507208842_15078846_R2,15078846,17338061,279,Regular,1,0.8328626902603795,1
202507208842_15078846_R3,15078846,10318637,241,Regular,1,0.8001620559151359,1
202507208842_15078846_R4,15078846,16190067,305,Regular,1,0.8526729520561114,1
202507208842_15078846_R5,15078846,10322022,19,Regular,1,0.527315973006493,1
202507209112_13377996_R1,13377996,15930781,151,Regular,1,0.704584592662721,1
202507209112_13377996_R2,13377996,17314200,154,Regular,0,0.7081663882812006,1
202507209112_13377996_R3,13377996,20006337,86,Regular,1,0.6212967231224545,1
202507219482_15078846_R1,15078846,30072898,150,Quick,1,0.7033850034718286,1
202507219482_15078846_R2,15078846,16366152,215,Quick,1,0.7751528656496841,1
202507219482_15078846_R3,15078846,12503918,116,Quick,1,0.6609990912463583,1
202507239392_12420184_R3,12420184,10481376,-207,Regular,0,0.23297508185497873,0
202507239392_12420184_R4,12420184,12413721,-68,Regular,0,0.403370826694226,0
202507239392_12420184_R5,12420184,30668225,-203,Regular,0,0.23711501969474583,0
202507240012_12420184_R1,12420184,12523634,-248,Regular,0,0.19347247718289215,0
202507240012_12420184_R2,12420184,12633241,10,Regular,0,0.5143871841659987,1
202507240012_12420184_R3,12420184,16636306,-27,Regular,0,0.46122190794282847,0
202507240012_12420184_R5,12420184,10005434,-260,Regular,0,0.18292116580002576,0
202507240012_12420184_R6,12420184,30382223,48,Regular,1,0.5686413918836677,1
202507240012_12420184_R7,12420184,12320880,44,Regular,0,0.5629847281035958,1
202507249552_30163816_R1,30163816,17268125,-78,Regular,0,0.389597577905311,0
202507249552_30163816_R2,30163816,30053068,-75,Regular,1,0.3937121762145718,0
202507249552_30163816_R3,30163816,16740405,-99,Regular,0,0.3612622508882752,0
202507249552_30163816_R4,30163816,30053068,-75,Regular,0,0.3937121762145718,0
202507249782_14490864_R1,14490864,30407041,299,Quick,1,0.8482810687127118,1
202507249782_14490864_R2,14490864,12885132,-416,Quick,0,0.08357862293048655,0
202507249782_14490864_R3,14490864,16056078,225,Quick,1,0.785026736998172,1
202507249782_14490864_R4,14490864,16792955,151,Quick,1,0.704584592662721,1
202507250262_30110069_R1,30110069,31893870,796,Quick,1,0.989870722266409,1
202507250262_30110069_R2,30110069,16093342,-295,Quick,0,0.1547061893820004,0
202507250262_30110069_R3,30110069,32471593,895,Quick,1,0.994245683910723,1
202507250302_13377996_R1,13377996,31899356,691,Regular,1,0.9816159327977549,1
202507250302_13377996_R2,13377996,30789361,704,Regular,1,0.9829188284532066,1
202507250302_13377996_R3,13377996,32433537,254,Regular,1,0.8118599983337865,1
202507261022_14117181_R1,14117181,30723768,354,Quick,1,0.8847078164911643,1
202507261022_14117181_R2,14117181,31389902,434,Quick,1,0.9240228964972346,1
202507261022_14117181_R3,14117181,30632487,-7,Quick,0,0.48992755307256153,0
202507261052_15197996_R2,15197996,11375219,-225,Regular,0,0.21497326300182792,0
202507261052_15197996_R3,15197996,30308086,48,Regular,1,0.5686413918836677,1
202507261052_15197996_R4,15197996,16350155,-145,Regular,0,0.30265492141014677,0
202507261192_30135488_R1,30135488,17268131,203,Regular,0,0.7628849803052542,1
202507261192_30135488_R2,30135488,12656884,-87,Regular,0,0.3773498042127379,0
202507261192_30135488_R3,30135488,30669928,246,Regular,1,0.8047246934992595,1
202507271632_30595584_R1,30595584,16321672,-70,Quick,0,0.40060320329074317,0
202507271632_30595584_R2,30595584,32169309,155,Quick,1,0.7093546305987634,1
202507271632_30595584_R3,30595584,31267181,445,Quick,1,0.9283506820134463,1
202507271642_16242623_R1,16242623,12985662,-212,Regular,0,0.22787132653141615,0
202507271642_16242623_R2,16242623,12462633,-278,Regular,0,0.16794015946966684,0
202507271642_16242623_R3,16242623,15473182,-243,Regular,0,0.19800335588556686,0
202507271832_15078846_R1,15078846,31883110,747,Regular,1,0.9866141078596016,1
202507271832_15078846_R2,15078846,14740995,217,Regular,1,0.777153105314726,1
202507271832_15078846_R3,15078846,12915762,119,Regular,1,0.6648579785547648,1
202507271832_15078846_R4,15078846,10318637,270,Regular,1,0.8255259873611817,1
202507271832_15078846_R5,15078846,12658269,97,Regular,0,0.6360768996878818,1
202507271832_15078846_R6,15078846,12675167,40,Regular,1,0.5573116337622928,1
202507271832_15078846_R7,15078846,12537044,640,Regular,1,0.9754966324496641,1
202507271882_14668233_R1,14668233,16710940,397,Regular,1,0.9076535681936819,1
202507271882_14668233_R2,14668233,15537233,107,Regular,0,0.6492949471109635,1
202507271882_14668233_R3,14668233,15560780,187,Regular,0,0.7458232083504994,1
202507271882_14668233_R4,14668233,14556452,328,Regular,1,0.8685409999758518,1
202507271882_14668233_R5,14668233,13338987,46,Regular,1,0.5658152030692333,1
202507272202_17154490_R1,17154490,30183534,207,Regular,0,0.7670249181450214,1
202507272202_17154490_R2,17154490,16739697,237,Regular,0,0.7964546997117258,1
202507272202_17154490_R3,17154490,17187787,235,Regular,0,0.7945819150362295,1
202507272202_17154490_R4,17154490,15999891,160,Regular,0,0.7152527510491987,1
202507272662_13377996_R1,13377996,31876524,765,Regular,1,0.9879157442856824,1
202507272662_13377996_R2,13377996,15033748,450,Regular,1,0.9302417126410938,1
202507272662_13377996_R3,13377996,12585616,266,Regular,1,0.8221846111535023,1
202507272662_13377996_R4,13377996,15930781,167,Regular,0,0.7233878694391705,1
202507274172_31373726_R1,31373726,15804394,-434,Regular,0,0.07597710350276544,0
202507274172_31373726_R2,31373726,17274526,-255,Regular,0,0.1872623183634652,0
202507274172_31373726_R3,31373726,30443029,-53,Regular,1,0.4243130476235704,0
202507274172_31373726_R4,31373726,16983544,-244,Regular,0,0.1970908298461841,0
202507274172_31373726_R5,31373726,30633102,93,Regular,0,0.6307302886162022,1
202507274172_31373726_R6,31373726,30557601,157,Regular,0,0.7117225243427553,1
202507274292_10164176_R1,10164176,10256194,407,Regular,1,0.9123666522054631,1
202507274292_10164176_R2,10164176,12451594,216,Regular,1,0.7761545753418307,1
202507274292_10164176_R3,10164176,12442362,-241,Regular,0,0.1998379440848642,0
202507274292_10164176_R4,10164176,10120560,180,Regular,0,0.7381090325404187,1
202507274292_10164176_R5,10164176,10254451,208,Regular,1,0.7680520031675839,1
202507274292_10164176_R6,10164176,10251648,216,Regular,0,0.7761545753418307,1
202507283002_15078846_R1,15078846,16366152,247,Quick,1,0.8056276940436502,1
202507283002_15078846_R2,15078846,13127034,314,Quick,1,0.8590630023766738,1
202507283002_15078846_R3,15078846,12503918,158,Quick,1,0.7129021574054539,1
202507293322_31307108_R4,31307108,32405806,12,Regular,0,0.5172625244323762,1
202507293392_16967853_R4,16967853,15895821,199,Regular,0,0.7586946201468556,1
202507293442_16378945_R1,16378945,16411961,21,Regular,1,0.5301846800039021,1
202507293442_16378945_R2,16378945,17106686,-94,Regular,0,0.3679299878999264,0
202507293442_16378945_R3,16378945,16778004,-42,Regular,1,0.4398498547680971,0
202507313952_16378945_R1,16378945,16079945,253,Regular,1,0.8109791581199478,1
202507313952_16378945_R2,16378945,17106686,-40,Regular,0,0.44268836623770724,0
202507313952_16378945_R3,16378945,16778004,7,Regular,0,0.5100724469274385,1
202507314102_10164176_R1,10164176,12425882,411,Regular,1,0.9141902593095826,1
202507314102_10164176_R2,10164176,12077910,-281,Regular,0,0.1655408182910169,0
202507314102_10164176_R3,10164176,10014522,206,Regular,0,0.7659946707664889,1
202507314102_10164176_R4,10164176,12463414,198,Regular,0,0.7576391748622517,1
202507314102_10164176_R5,10164176,12126030,329,Regular,0,0.8691968654550538,1
202507314102_10164176_R6,10164176,10251648,183,Regular,0,0.7414335229692995,1
202507314402_15361305_R1,15361305,31195654,544,Quick,1,0.9581741800370106,1
202507314402_15361305_R2,15361305,30427379,132,Quick,1,0.6813218351663937,1
202507314402_15361305_R3,15361305,12563207,-463,Quick,0,0.0650557537775339,0
202507314402_15361305_R4,15361305,16880148,285,Quick,1,0.8376154583713974,1
202507314462_16967853_R1,16967853,17079183,332,Regular,1,0.8711477984045555,1
202507314462_16967853_R2,16967853,16282415,135,Regular,0,0.6850596089933503,1
202507314462_16967853_R3,16967853,16962930,155,Regular,0,0.7093546305987634,1
202507314462_16967853_R4,16967853,16099404,221,Regular,1,0.7811154027299616,1
202507314462_16967853_R5,16967853,16424622,89,Regular,1,0.6253513933075368,1
202507314462_16967853_R6,16967853,30262542,22,Regular,1,0.5316182978281073,1
202507314472_30328482_R1,30328482,31368597,665,Regular,1,0.9787110380196032,1
202507314472_30328482_R2,30328482,17083655,371,Regular,1,0.8943199698511277,1
202507314472_30328482_R3,30328482,30387428,331,Regular,1,0.8705002577432696,1
202507314472_30328482_R4,30328482,30264362,246,Regular,0,0.8047246934992595,1
202507314472_30328482_R5,30328482,17187840,96,Regular,0,0.6347433350523167,1
202507314472_30328482_R6,30328482,17137475,252,Regular,1,0.8100951586047567,1
202508011922_17094702_R1,17094702,31450577,13,Regular,0,0.5186997779295586,1
202508011922_17094702_R3,17094702,31093154,75,Regular,1,0.6062878237854281,1
202508011922_17094702_R4,17094702,31093154,75,Regular,1,0.6062878237854281,1
202508011922_17094702_R5,17094702,17094697,74,Regular,0,0.6049129020079569,1
202508011922_17094702_R6,17094702,17094697,74,Regular,0,0.6049129020079569,1
202508011922_17094702_R7,17094702,31217587,205,Regular,0,0.7649612635526892,1
202508014812_16378945_R1,16378945,30151794,24,Regular,1,0.5344839447268315,1
202508014812_16378945_R2,16378945,16024678,-20,Regular,0,0.4712494361077314,0
202508014812_16378945_R3,16378945,16778004,6,Regular,0,0.5086338358210827,1
202508014842_13377996_R1,13377996,31899356,725,Regular,1,0.9848342757499998,1
202508014842_13377996_R2,13377996,32433537,272,Regular,1,0.8271780169631395,1
202508014842_13377996_R3,13377996,32324996,1657,Regular,1,0.9999279774125029,1
202508014902_30721310_R1,30721310,32473380,1248,Regular,1,0.9992419974287232,1
202508014902_30721310_R2,30721310,10136580,-144,Regular,0,0.3038712295704002,0
202508014902_30721310_R3,30721310,12476202,-116,Regular,0,0.33900090875364175,0
202508014902_30721310_R4,30721310,16416747,114,Regular,1,0.6584145209169125,1
202508025542_13377996_R1,13377996,20006337,107,Regular,0,0.6492949471109635,1
202508025542_13377996_R2,13377996,16744105,80,Regular,1,0.6131368201531431,1
202508025542_13377996_R3,13377996,30014129,64,Regular,0,0.5910755963149433,1
202508025612_15078846_R1,15078846,31088343,481,Quick,1,0.9409696170394709,1
202508025612_15078846_R2,15078846,12450772,514,Quick,1,0.9506787811338805,1
202508025612_15078846_R3,15078846,31264020,801,Quick,1,0.9901552813672291,1
202508025612_15078846_R4,15078846,30174512,373,Quick,0,0.8954031473673285,1
202508025612_15078846_R5,15078846,31478370,728,Quick,1,0.9850900586106714,1
202508025612_15078846_R6,15078846,31626161,667,Quick,1,0.9789496009229707,1
202508025722_14737573_R1,14737573,16672488,573,Regular,1,0.9643757063904481,1
202508025722_14737573_R3,14737573,10141699,418,Regular,1,0.9172989722099868,1
202508025722_14737573_R4,14737573,10394546,-67,Regular,1,0.4047569603484281,0
202508025882_30135488_R1,30135488,30017413,25,Regular,0,0.5359159269451023,1
202508025882_30135488_R2,30135488,12656884,-123,Regular,0,0.3300309860965169,0
202508025882_30135488_R3,30135488,16898466,42,Regular,0,0.5601501452319029,1
202508025972_30257133_R1,30257133,16036488,499,Regular,1,0.9464688789594631,1
202508025972_30257133_R2,30257133,12779311,-331,Regular,0,0.12949974225673044,0
202508025972_30257133_R3,30257133,15676680,-121,Regular,1,0.33258157812677697,0
202508025972_30257133_R4,30257133,16955390,692,Regular,1,0.9817195269701807,1
202508035962_17128308_R1,17128308,17055610,333,Regular,1,0.871792578033144,1
202508035962_17128308_R2,17128308,16757358,322,Regular,1,0.8645470054113045,1
202508035962_17128308_R3,17128308,16337725,172,Regular,0,0.7291099628977525,1
202508036202_16378945_R1,16378945,31385890,503,Regular,1,0.9476235744705875,1
202508036202_16378945_R2,16378945,14451986,225,Regular,1,0.785026736998172,1
202508036202_16378945_R3,16378945,31453265,156,Regular,1,0.7105400123698378,1
202508036202_16378945_R4,16378945,16079945,220,Regular,1,0.7801296039931584,1
202508036202_16378945_R5,16378945,13147640,85,Regular,0,0.6199413590445233,1
202508036642_30163816_R1,30163816,31347838,498,Regular,1,0.946176473968739,1
202508036642_30163816_R2,30163816,12882411,281,Regular,1,0.834459181708983,1
202508036642_30163816_R3,30163816,16442373,-289,Regular,0,0.15927695733838498,0
202508036642_30163816_R4,30163816,12627777,277,Regular,1,0.8312539156520465,1
202508036642_30163816_R5,30163816,30443029,352,Regular,1,0.8835282880564392,1
202508036642_30163816_R6,30163816,16624387,-174,Regular,0,0.2686221421606117,0
202508036642_30163816_R7,30163816,13847644,-347,Regular,0,0.11946643775259876,0
202508036732_17094702_R1,17094702,12439446,347,Regular,1,0.8805335622474012,1
202508036732_17094702_R2,17094702,31419170,144,Regular,1,0.6961287704295998,1
202508036732_17094702_R3,17094702,17094697,-62,Regular,1,0.41171002813683716,0
202508036732_17094702_R4,17094702,30633647,-56,Regular,0,0.42010023964211857,0
202508047772_15078846_R1,15078846,12503918,138,Quick,1,0.6887735686687132,1
202508047772_15078846_R2,15078846,14740995,194,Quick,1,0.7533860777856145,1
202508047772_15078846_R3,15078846,16366152,231,Quick,0,0.7907981027972382,1
202508068082_16967853_R1,16967853,12663277,258,Quick,0,0.8153518152833006,1
202508068082_16967853_R2,16967853,15273893,185,Quick,1,0.7436345220073278,1
202508068082_16967853_R3,16967853,15895821,162,Quick,0,0.7175917231915314,1
202508078342_30330738_R1,30330738,12523517,-282,Regular,0,0.16474716768603853,0
202508078342_30330738_R2,30330738,14931281,286,Regular,1,0.8383969073869433,1
202508078342_30330738_R3,30330738,30758909,188,Regular,1,0.7469129214289432,1
202508078342_30330738_R4,30330738,16898466,-240,Regular,0,0.20076000891310175,0
202508078372_14490864_R1,14490864,31195654,487,Quick,1,0.9428591346675568,1
202508078372_14490864_R2,14490864,10047871,-317,Quick,0,0.13885906434295667,0
202508078372_14490864_R3,14490864,16577100,197,Quick,0,0.7565805942950526,1
202508078372_14490864_R4,14490864,10075262,233,Quick,0,0.7926963841757685,1
202508078432_30163816_R1,30163816,30484179,165,Regular,0,0.7210782431975601,1
202508078432_30163816_R2,30163816,17268131,149,Regular,1,0.7021826020905207,1
202508078432_30163816_R3,30163816,30239811,40,Regular,0,0.5573116337622928,1
202508078432_30163816_R4,30163816,30053068,-29,Regular,0,0.45836229728523653,0
202508088682_30110069_R1,30110069,31665628,1091,Quick,1,0.9981306638789906,1
202508088682_30110069_R2,30110069,31665635,1492,Quick,1,0.9998138259535634,1
202508088682_30110069_R3,30110069,30135865,166,Quick,1,0.7222345336491706,1
202508099272_30239811_R1,30239811,12562336,-56,Regular,0,0.42010023964211857,0
202508099272_30239811_R2,30239811,16956146,-79,Regular,0,0.3882294992189357,0
202508099272_30239811_R3,30239811,15610873,-53,Regular,0,0.4243130476235704,0
202508099352_16378945_R1,16378945,31589336,1064,Regular,1,0.9978170142285467,1
202508099352_16378945_R2,16378945,30292508,521,Regular,1,0.9525342236676632,1
202508099352_16378945_R3,16378945,16381431,85,Regular,0,0.6199413590445233,1
202508099352_16378945_R4,16378945,12808731,-49,Regular,0,0.42994717641601177,0
202508099612_15197996_R1,15197996,30138098,-180,Regular,0,0.2618909674595814,0
202508099612_15197996_R2,15197996,14643301,-112,Regular,0,0.344179494087605,0
202508099612_15197996_R3,15197996,13598228,111,Regular,1,0.654519994382466,1
202508099612_15197996_R4,15197996,30308086,59,Regular,1,0.584100958813678,1
202508099662_10164176_R1,10164176,30268679,494,Regular,1,0.9449917274674352,1
202508099662_10164176_R2,10164176,14436383,447,Regular,1,0.9291127058412668,1
202508099662_10164176_R3,10164176,12615563,400,Regular,1,0.9090909090909091,1
202508100582_31817543_R1,31817543,13083981,-206,Regular,0,0.2340053292335112,0
202508100582_31817543_R2,31817543,32488851,179,Regular,0,0.7369947605406894,1
202508100582_31817543_R3,31817543,32328499,176,Regular,0,0.7336337024138074,1
202508100582_31817543_R4,31817543,30671310,35,Regular,1,0.550199353253537,1
202508100672_30045956_R1,30045956,31989266,653,Regular,1,0.9772231456449872,1
202508100672_30045956_R2,30045956,16753506,253,Regular,1,0.8109791581199478,1
202508100672_30045956_R3,30045956,31477662,-44,Regular,1,0.43701527189640416,0
202508100672_30045956_R4,30045956,30361280,59,Regular,0,0.584100958813678,1
202508111712_15078846_R1,15078846,16366152,152,Quick,1,0.7057813597120025,1
202508111712_15078846_R2,15078846,16413780,292,Quick,1,0.8430219644140362,1
202508111712_15078846_R3,15078846,12503918,135,Quick,0,0.6850596089933503,1
202508132182_17128308_R1,17128308,30059498,172,Regular,0,0.7291099628977525,1
202508132182_17128308_R2,17128308,16967853,25,Regular,0,0.5359159269451023,1
202508132182_17128308_R3,17128308,16959235,104,Regular,1,0.6453524504393825,1
202508132182_17128308_R4,17128308,30221502,121,Regular,1,0.667418421873223,1
202508132182_17128308_R5,17128308,16741147,160,Regular,1,0.7152527510491987,1
202508132182_17128308_R6,17128308,14452555,-130,Regular,0,0.3211830802052434,0
202508132182_17128308_R7,17128308,14307325,-111,Regular,1,0.34548000561753406,0
202508132182_17128308_R8,17128308,16649696,-169,Regular,0,0.27431435372821295,0
202508132182_17128308_R9,17128308,15756217,-179,Regular,0,0.2630052394593107,0
202508142512_31669397_R1,31669397,30427379,-573,Quick,0,0.035624293609551896,0
202508142512_31669397_R2,31669397,31490450,-183,Quick,1,0.25856647703070046,0
202508142512_31669397_R3,31669397,16059387,-399,Quick,0,0.09138595328508632,0
202508142512_31669397_R4,31669397,31817543,28,Quick,1,0.5402082283237456,1
202508153122_30632791_R1,30632791,30785514,-575,Quick,0,0.03523087241676201,0
202508153122_30632791_R2,30632791,31772507,38,Quick,0,0.554469374021676,1
202508153122_30632791_R3,30632791,30104709,150,Quick,0,0.7033850034718286,1
202508163002_16059387_R1,16059387,31440182,247,Quick,0,0.8056276940436502,1
202508163002_16059387_R2,16059387,32469052,370,Quick,1,0.8937746801781464,1
202508163002_16059387_R3,16059387,17116421,354,Quick,1,0.8847078164911643,1
202508163022_32215714_R1,32215714,16881026,69,Quick,0,0.5980137657693436,1
202508163022_32215714_R2,32215714,12919213,22,Quick,1,0.5316182978281073,1
202508163022_32215714_R3,32215714,14655085,-106,Quick,0,0.3520169867496943,0
202508163352_16967853_R1,16967853,12838582,520,Regular,1,0.9522732789657962,1
202508163352_16967853_R2,16967853,15793428,367,Regular,0,0.8921239139432269,1
202508163352_16967853_R3,16967853,31851961,557,Regular,1,0.9610725312524264,1
202508163352_16967853_R4,16967853,30340665,327,Regular,1,0.8678823457606359,1
202508163362_13377996_R1,13377996,30021117,626,Regular,1,0.9734946484719849,1
202508163362_13377996_R2,13377996,13718304,520,Regular,1,0.9522732789657962,1
202508163362_13377996_R3,13377996,10160910,322,Regular,1,0.8645470054113045,1
202508163552_30520681_R1,30520681,30152362,-61,Regular,0,0.41310497662089996,0
202508163552_30520681_R2,30520681,17124531,-97,Regular,0,0.36392310031211805,0
202508163552_30520681_R3,30520681,30721084,-53,Regular,1,0.4243130476235704,0
202508163552_30520681_R4,30520681,16535305,-41,Regular,0,0.44126863067523897,0
202508163622_14490864_R1,14490864,13556911,256,Regular,1,0.8136122105055869,1
202508163622_14490864_R2,14490864,15256685,-160,Regular,0,0.2847472489508014,0
202508163622_14490864_R3,14490864,12656884,-110,Regular,0,0.34678283278113026,0
202508174182_17137475_R1,17137475,16025390,-43,Regular,0,0.43843206102635396,0
202508174182_17137475_R2,17137475,15962917,267,Regular,1,0.8230246289217321,1
202508174182_17137475_R3,17137475,17346301,-538,Regular,0,0.04323212516319711,0
202508174182_17137475_R4,17137475,10301165,-45,Regular,1,0.4355995097595788,0
202508174182_17137475_R5,17137475,12444184,1,Regular,0,0.5014391117091528,1
202508174312_30156835_R1,30156835,16936390,94,Regular,1,0.6320700121000735,1
202508174312_30156835_R2,30156835,30437446,118,Regular,0,0.6635740980412955,1
202508174322_17299788_R1,17299788,17214690,-108,Regular,1,0.3493953720661275,0
202508174322_17299788_R2,17299788,16859718,60,Regular,1,0.5854986786718095,1
202508174322_17299788_R3,17299788,12893756,-185,Regular,1,0.25636547799267223,0
202508174342_30311276_R2,30311276,16050220,-172,Regular,1,0.27089003710224746,0
202508174342_30311276_R3,30311276,30780293,-130,Regular,0,0.3211830802052434,0
202508174342_30311276_R4,30311276,15496871,-185,Regular,0,0.25636547799267223,0
202508174342_30311276_R5,30311276,12523517,-159,Regular,0,0.2859210974146497,0
202508174362_15933472_R1,15933472,16880573,158,Regular,0,0.7129021574054539,1
202508174362_15933472_R2,15933472,14991055,44,Regular,1,0.5629847281035958,1
202508174362_15933472_R3,15933472,30277790,155,Regular,0,0.7093546305987634,1
202508174362_15933472_R4,15933472,15922026,105,Regular,0,0.6466688423256146,1
202508174362_15933472_R5,15933472,16237733,94,Regular,0,0.6320700121000735,1
202508174362_15933472_R6,15933472,16956146,105,Regular,1,0.6466688423256146,1
202508175502_30135488_R1,30135488,31907445,251,Regular,0,0.809207997485838,1
202508175502_30135488_R2,30135488,30386864,474,Regular,1,0.9386912091783989,1
202508175502_30135488_R3,30135488,30125099,248,Regular,1,0.8065275228171078,1
202508175502_30135488_R4,30135488,17221696,198,Regular,1,0.7576391748622517,1
202508175502_30135488_R5,30135488,14997432,-303,Regular,0,0.14877920237509723,0
202508175502_30135488_R6,30135488,16399826,-177,Regular,0,0.26524291068345335,0
202508185142_14800390_R1,14800390,30117454,268,Regular,1,0.8238615285055724,1
202508185142_14800390_R3,14800390,12656299,27,Regular,0,0.5387780920571715,1
202508185142_14800390_R4,14800390,17148935,61,Regular,0,0.5868950233791,1
202508185142_14800390_R5,14800390,14931281,191,Regular,0,0.750163481828642,1
202508185142_14800390_R6,14800390,30421737,393,Regular,1,0.9057053735432374,1
202508185162_16059387_R1,16059387,30693689,-277,Regular,0,0.16874608434795343,0
202508185162_16059387_R2,16059387,30045327,-196,Regular,0,0.24448111792880314,0
202508185162_16059387_R4,16059387,17329925,-76,Regular,0,0.39233893587318014,0
202508185162_16059387_R6,16059387,14889963,-162,Regular,1,0.28240827680846853,0
202508185272_15078846_R1,15078846,16413780,284,Quick,1,0.8368309660028946,1
202508185272_15078846_R2,15078846,14740995,211,Quick,0,0.7711142606875975,1
202508185272_15078846_R3,15078846,10318637,316,Quick,1,0.8604511617577122,1
202508195442_14490864_R1,14490864,10098327,-194,Quick,0,0.24661392221438547,0
202508195442_14490864_R2,14490864,15255524,-223,Quick,0,0.2169225565903239,0
202508195442_14490864_R3,14490864,12615391,-92,Quick,0,0.37061145278249774,0
202508195442_14490864_R4,14490864,15361305,-85,Quick,0,0.3800586409554767,0
202508226262_30110069_R1,30110069,31540856,765,Quick,1,0.9879157442856824,1
202508226262_30110069_R2,30110069,31117579,717,Quick,1,0.9841308794583856,1
202508226262_30110069_R3,30110069,30135865,203,Quick,0,0.7628849803052542,1
202508226272_13377996_R1,13377996,31899356,692,Regular,0,0.9817195269701807,1
202508226272_13377996_R2,13377996,32506733,1532,Regular,1,0.999852111035564,1
202508226272_13377996_R3,13377996,30789361,766,Regular,1,0.9879842735761788,1
202508226482_10164176_R1,10164176,12478286,382,Regular,1,0.9001568673004807,1
202508226482_10164176_R2,10164176,15485912,184,Regular,1,0.7425355589430698,1
202508226482_10164176_R3,10164176,30374180,342,Regular,1,0.8774725143294195,1
202508236592_16489786_R1,16489786,31620797,474,Quick,1,0.9386912091783989,1
202508236592_16489786_R2,16489786,15421443,302,Quick,1,0.8504903015468027,1
202508236592_16489786_R3,16489786,17295978,98,Quick,1,0.6374083767444845,1
202508236832_13377996_R1,13377996,31239603,472,Regular,1,0.9380252840746419,1
202508236832_13377996_R2,13377996,31899356,665,Regular,1,0.9787110380196032,1
202508236832_13377996_R3,13377996,16963452,453,Regular,1,0.9313540665199443,1
202508236922_12451516_R1,12451516,31932579,394,Regular,1,0.9061958467735052,1
202508236922_12451516_R2,12451516,14759787,384,Regular,1,0.9011868291216677,1
202508236922_12451516_R3,12451516,14233895,-80,Regular,1,0.3868631798468569,0
202508236922_12451516_R4,12451516,13057743,-98,Regular,1,0.36259162325551547,0
202508237062_30311276_R1,30311276,30058347,137,Regular,1,0.6875382482123418,1
202508237062_30311276_R2,30311276,14732288,-607,Regular,0,0.029478485500745066,0
202508237062_30311276_R4,30311276,30978962,147,Regular,1,0.6997694032620582,1
202508237072_16967853_R2,16967853,12663277,231,Regular,0,0.7907981027972382,1
202508237072_16967853_R3,16967853,16979443,271,Regular,1,0.8263535539440318,1
202508237332_14916518_R1,14916518,15256685,-383,Regular,0,0.09932696400964386,0
202508237332_14916518_R2,14916518,32502064,590,Regular,1,0.9675891089206077,1
202508237332_14916518_R3,14916518,15952947,17,Regular,1,0.5244454611206615,1
202508237332_14916518_R4,14916518,17353108,143,Regular,0,0.6949097127295025,1
202508237332_14916518_R5,14916518,10040221,200,Regular,1,0.7597469266479578,1
202508247832_30156835_R1,30156835,31317421,268,Regular,1,0.8238615285055724,1
202508247832_30156835_R2,30156835,31502878,279,Regular,0,0.8328626902603795,1
202508247832_30156835_R3,30156835,15969011,68,Regular,0,0.596629173305774,1
202508247882_17299788_R1,17299788,15213714,-125,Regular,0,0.3274903566650149,0
202508247882_17299788_R2,17299788,30156827,-24,Regular,0,0.46551605527316847,0
202508247882_17299788_R3,17299788,15926804,116,Regular,0,0.6609990912463583,1
202508247942_15197996_R1,15197996,30266231,311,Regular,1,0.8569591392644484,1
202508247942_15197996_R2,15197996,14732288,-693,Regular,0,0.01817745180042496,0
202508247942_15197996_R3,15197996,16866098,335,Regular,0,0.8730738822502696,1
202508247942_15197996_R4,15197996,31545873,182,Regular,0,0.7403284195148304,1
202508247972_15078846_R1,15078846,31087905,278,Regular,1,0.8320598405303332,1
202508247972_15078846_R2,15078846,17337973,192,Regular,0,0.7512407935337106,1
202508247972_15078846_R3,15078846,17354783,614,Regular,1,0.9716527404673236,1
202508247972_15078846_R4,15078846,16469982,245,Regular,1,0.8038185194246843,1
202508247972_15078846_R5,15078846,16366152,136,Regular,1,0.6863002576833125,1
202508248042_30387428_R1,30387428,15519518,-219,Regular,0,0.22085937918053045,0
202508248042_30387428_R2,30387428,10284279,-117,Regular,1,0.33771220256911116,0
202508248042_30387428_R3,30387428,17137475,-69,Regular,0,0.4019862342306564,0
202508248042_30387428_R4,30387428,16633636,-55,Regular,0,0.42150324765525726,0
202508248042_30387428_R5,30387428,16713783,72,Regular,0,0.6021580931747169,1
202508248412_30520681_R2,30520681,16061785,-157,Regular,0,0.2882774756572447,0
202508248412_30520681_R3,30520681,16545130,-232,Regular,0,0.20825116249181558,0
202508248412_30520681_R4,30520681,16421711,-37,Regular,0,0.4469531048305375,0
202508248412_30520681_R5,30520681,16497860,-63,Regular,0,0.41031649686004995,0
202508248422_13377996_R1,13377996,30059169,414,Regular,0,0.9155353267032756,1
202508248422_13377996_R2,13377996,16070161,513,Regular,1,0.9504081671359688,1
202508248422_13377996_R3,13377996,30660349,1020,Regular,1,0.9971895380267898,1
202508248422_13377996_R4,13377996,13718607,159,Regular,1,0.7140789025853503,1
202508249112_30444207_R1,30444207,30555491,263,Regular,1,0.8196458144946892,1
202508249112_30444207_R2,30444207,31452967,260,Regular,0,0.8170788341999742,1
202508249112_30444207_R3,30444207,16754301,258,Regular,1,0.8153518152833006,1
202508249112_30444207_R4,30444207,31961053,67,Regular,0,0.5952430396515719,1
202508249112_30444207_R5,30444207,15649846,-418,Regular,0,0.08270102779001329,0
202508258922_15078846_R1,15078846,13127034,297,Quick,1,0.8467934030726807,1
202508258922_15078846_R2,15078846,11463509,122,Quick,1,0.6686949563073317,1
202508258922_15078846_R3,15078846,16413780,270,Quick,0,0.8255259873611817,1
202508269272_31223384_R1,31223384,12570458,20,Regular,1,0.5287505638922686,1
202508269272_31223384_R3,31223384,30168995,-246,Regular,1,0.19527530650074057,0
202508269282_16920880_R1,16920880,31516388,-32,Regular,1,0.4540780772195163,0
202508269282_16920880_R2,16920880,16816781,-30,Regular,0,0.4569335079777882,0
202508269282_16920880_R3,16920880,30598819,-221,Regular,1,0.21888459727003834,0
202508269282_16920880_R4,16920880,31675573,78,Regular,0,0.6104024220946891,1
202508269292_15078846_R1,15078846,31286096,591,Regular,1,0.9677691489361132,1
202508269292_15078846_R2,15078846,31626161,677,Regular,1,0.9801037131100339,1
202508269292_15078846_R3,15078846,14740995,191,Regular,0,0.750163481828642,1
202508269292_15078846_R4,15078846,12455097,69,Regular,1,0.5980137657693436,1
202508279752_12820409_R1,12820409,12427205,178,Regular,1,0.7358774441014764,1
202508279752_12820409_R2,12820409,32180732,202,Regular,1,0.761842109917936,1
202508279752_12820409_R3,12820409,31089706,19,Regular,1,0.527315973006493,1
202508279752_12820409_R4,12820409,31419072,-82,Regular,1,0.384135895746244,0
202508279752_12820409_R5,12820409,12089560,-35,Regular,1,0.449800646746463,0
202508279752_12820409_R6,12820409,30176863,130,Regular,0,0.6788169197947567,1
202508279762_12420184_R1,12420184,32158134,1269,Regular,1,0.9993282492432983,1
202508279762_12420184_R2,12420184,12451370,-131,Regular,0,0.31992932426277854,0
202508279762_12420184_R4,12420184,11015328,-159,Regular,0,0.2859210974146497,0
202508279762_12420184_R5,12420184,31772323,436,Regular,1,0.9248272212397116,1
202508279772_30330738_R1,30330738,14422692,-81,Regular,0,0.3854986389914422,0
202508279772_30330738_R2,30330738,10079331,-96,Regular,0,0.3652566649476832,0
202508279772_30330738_R4,30330738,12851571,-33,Regular,0,0.45265148195413535,0
202508279772_30330738_R5,30330738,10110491,98,Regular,1,0.6374083767444845,1
202508279772_30330738_R6,30330738,12027970,-20,Regular,0,0.4712494361077314,0
202508280212_31669397_R1,31669397,16170786,-506,Quick,0,0.05152588759746676,0
202508280212_31669397_R2,31669397,17044610,-165,Quick,0,0.2789217568024399,0
202508290672_15216206_R1,15216206,13377996,-266,Regular,0,0.17781538884649767,0
202508290672_15216206_R2,15216206,16744105,-172,Regular,0,0.27089003710224746,0
202508290672_15216206_R3,15216206,20006337,-179,Regular,0,0.2630052394593107,0
202508290772_15481128_R2,15481128,12503048,-306,Regular,1,0.14660537788811823,0
202508290772_15481128_R3,15481128,12584196,-530,Regular,1,0.04517754468184758,0
202508290772_15481128_R4,15481128,30512104,-440,Regular,0,0.07358755611757352,0
202508300852_15361305_R1,15361305,16881026,97,Quick,0,0.6360768996878818,1
202508300852_15361305_R2,15361305,13630565,107,Quick,0,0.6492949471109635,1
202508300852_15361305_R3,15361305,32215714,75,Quick,0,0.6062878237854281,1
202508300862_16489786_R1,16489786,30790505,408,Quick,1,0.9128258117454132,1
202508300862_16489786_R2,16489786,30694503,504,Quick,0,0.9479085506726252,1
202508301122_16059387_R1,16059387,16771628,20,Regular,1,0.5287505638922686,1
202508301122_16059387_R2,16059387,30110069,7,Regular,1,0.5100724469274385,1
202508301122_16059387_R3,16059387,12027970,-24,Regular,0,0.46551605527316847,0
202508301122_16059387_R4,16059387,30716757,-10,Regular,1,0.48561281583400134,0
202508301132_30045956_R1,30045956,30301498,186,Regular,0,0.7447304068650347,1
202508301132_30045956_R2,30045956,12778575,195,Regular,1,0.7544540419421866,1
202508301132_30045956_R3,30045956,16409604,307,Regular,1,0.8541133619456244,1
202508301232_14793323_R1,14793323,17287571,-323,Regular,1,0.1347802947714417,0
202508301232_14793323_R2,14793323,14908373,-400,Regular,0,0.09090909090909091,0
202508301232_14793323_R3,14793323,15592064,-227,Regular,0,0.21303672061053083,0
202508301232_14793323_R4,14793323,14729023,48,Regular,1,0.5686413918836677,1
202508311582_31353893_R1,31353893,30686392,374,Regular,1,0.8959410508417222,1
202508311582_31353893_R2,31353893,13966066,560,Regular,1,0.9617134961177454,1
202508311582_31353893_R3,31353893,16343164,11,Regular,0,0.515824985264735,1
202508312022_17137475_R1,17137475,12488564,201,Regular,0,0.7607960909891424,1
202508312022_17137475_R2,17137475,17264211,69,Regular,0,0.5980137657693436,1
202508312022_17137475_R3,17137475,16175631,262,Regular,1,0.8187932901343153,1
202508312022_17137475_R4,17137475,30272842,129,Regular,1,0.6775605800851006,1
202509012342_17035355_R1,17035355,15530135,-133,Regular,0,0.3174296145252281,0
202509012342_17035355_R2,17035355,16388550,5,Regular,1,0.5071950817090514,1
202509012342_17035355_R3,17035355,30280672,-59,Regular,0,0.41589904118632204,0
202509012342_17035355_R4,17035355,15001077,4,Regular,1,0.5057562084111449,1
202509012342_17035355_R5,17035355,16238130,-70,Regular,0,0.40060320329074317,0
202509012562_12894549_R2,12894549,30682259,105,Quick,0,0.6466688423256146,1
202509012562_12894549_R3,12894549,17325702,137,Quick,1,0.6875382482123418,1
202509012562_12894549_R4,12894549,15421443,253,Quick,1,0.8109791581199478,1
202509012562_12894549_R5,12894549,12726436,-98,Quick,1,0.36259162325551547,0
202509012562_12894549_R6,12894549,16170786,-107,Quick,0,0.3507050528890364,0
202509012592_30387428_R1,30387428,15752957,-124,Regular,0,0.32875941918416823,0
202509012592_30387428_R2,30387428,30899106,269,Regular,1,0.8246953134461684,1
202509012592_30387428_R3,30387428,17194941,-106,Regular,0,0.3520169867496943,0
202509012592_30387428_R4,30387428,16633636,-60,Regular,0,0.4145013213281905,0
202509012592_30387428_R5,30387428,16713783,59,Regular,1,0.584100958813678,1
202509012592_30387428_R6,30387428,16285567,-36,Regular,1,0.4483764526890395,0
202509012592_30387428_R7,30387428,30107043,-39,Regular,0,0.4441090388831469,0
202509012592_30387428_R8,30387428,16922802,-183,Regular,0,0.25856647703070046,0
202509012592_30387428_R9,30387428,15299750,105,Regular,0,0.6466688423256146,1
202509012822_30021753_R1,30021753,15842723,-367,Unknown,0,0.10787608605677308,0
202509012822_30021753_R2,30021753,30032946,-258,Unknown,0,0.18464818471669944,0
202509012822_30021753_R3,30021753,13556911,-88,Unknown,1,0.37599824138233284,0
202509012822_30021753_R4,30021753,14742546,-155,Unknown,0,0.29064536940123664,0
202509012822_30021753_R5,30021753,12447193,-58,Unknown,0,0.41729811503576986,0
202509013032_14668233_R1,14668233,30182504,374,Regular,1,0.8959410508417222,1
202509013032_14668233_R2,14668233,12737367,233,Regular,1,0.7926963841757685,1
202509013032_14668233_R3,14668233,16600045,41,Regular,0,0.558731369324761,1
202509013032_14668233_R4,14668233,13274297,210,Regular,1,0.770096676660982,1
202509013032_14668233_R5,14668233,14976367,13,Regular,0,0.5186997779295586,1
202509013032_14668233_R6,14668233,16722628,106,Regular,1,0.6479830132503057,1
202509013302_15078846_R1,15078846,16366152,52,Quick,0,0.5742802036545245,1
202509013302_15078846_R2,15078846,30015588,46,Quick,0,0.5658152030692333,1
202509013302_15078846_R3,15078846,14740995,119,Quick,0,0.6648579785547648,1
202509014142_31373726_R1,31373726,12187800,-471,Regular,0,0.062310206273834975,0
202509014142_31373726_R2,31373726,13990485,-310,Regular,0,0.1437479399018495,0
202509014142_31373726_R3,31373726,14823963,-278,Regular,0,0.16794015946966684,0
202509014142_31373726_R4,31373726,30319757,-150,Regular,0,0.29661499652817136,0
202509014142_31373726_R6,31373726,12679081,-219,Regular,1,0.22085937918053045,0
202509014142_31373726_R7,31373726,16643387,-304,Regular,0,0.14805165414742621,0
202509033542_17321301_R3,17321301,30279329,-23,Regular,1,0.46694860611555894,0
202509033542_17321301_R4,17321301,30521251,-77,Regular,0,0.39096739659576046,0
202509033542_17321301_R5,17321301,31497708,-39,Regular,1,0.4441090388831469,0
202509033542_17321301_R6,17321301,30561484,-48,Regular,1,0.43135860811633236,0
202509044372_15361305_R1,15361305,15644772,417,Quick,0,0.9168612275957299,1
202509044372_15361305_R2,15361305,30632487,363,Quick,1,0.8898878421811328,1
202509044372_15361305_R3,15361305,16509885,169,Quick,1,0.7256856462717871,1
202509044372_15361305_R4,15361305,10047871,-268,Quick,0,0.1761384714944276,0
202509044432_30520681_R4,30520681,12933984,-218,Regular,0,0.22185154578086755,0
202509044432_30520681_R5,30520681,14873731,-101,Regular,0,0.35860988804438204,0
202509044432_30520681_R6,30520681,12343500,48,Regular,0,0.5686413918836677,1
202509054752_13377996_R1,13377996,30789361,780,Regular,1,0.9889043111336924,1
202509054752_13377996_R2,13377996,31239603,458,Regular,1,0.9331715354303313,1
202509054752_13377996_R3,13377996,32506733,1467,Regular,1,0.9997850157602276,1
202509065012_31669397_R1,31669397,31639784,384,Quick,0,0.9011868291216677,1
202509065012_31669397_R2,31669397,17303126,113,Quick,0,0.6571186864870786,1
202509065012_31669397_R3,31669397,30939625,154,Quick,1,0.7081663882812006,1
202509065022_14337717_R1,14337717,12919213,64,Quick,0,0.5910755963149433,1
202509065022_14337717_R2,14337717,16749515,6,Quick,0,0.5086338358210827,1
202509065412_15013917_R1,15013917,30094337,226,Regular,1,0.7859966022821575,1
202509065412_15013917_R2,15013917,16388550,184,Regular,1,0.7425355589430698,1
202509065412_15013917_R3,15013917,30096395,80,Regular,1,0.6131368201531431,1
202509065452_31373726_R1,31373726,13992915,-234,Regular,0,0.20635925681183112,0
202509065452_31373726_R2,31373726,10339022,-235,Regular,1,0.2054180849637705,0
202509065452_31373726_R3,31373726,30088521,-167,Regular,1,0.27661213056082945,0
202509076322_30257133_R1,30257133,17050607,185,Regular,0,0.7436345220073278,1
202509076322_30257133_R2,30257133,31453265,33,Regular,0,0.5473485180458647,1
202509076322_30257133_R3,30257133,10034370,175,Regular,0,0.7325072897556676,1
202509076322_30257133_R4,30257133,30945382,170,Regular,0,0.726830072276731,1
202509076522_17321301_R1,17321301,30214371,-204,Regular,0,0.23607530085516135,0
202509076522_17321301_R2,17321301,15838114,-115,Regular,0,0.34029200585525193,0
202509076522_17321301_R4,17321301,16421685,-9,Regular,0,0.48705085510713625,0
202509076592_30328482_R2,30328482,16090927,319,Regular,1,0.8625119039913111,1
202509076592_30328482_R3,30328482,16156007,205,Regular,1,0.7649612635526892,1
202509076592_30328482_R4,30328482,12703577,159,Regular,0,0.7140789025853503,1
202509076592_30328482_R5,30328482,12787646,-160,Regular,0,0.2847472489508014,0
202509077612_17035355_R1,17035355,12458642,431,Regular,1,0.9228015935156195,1
202509077612_17035355_R3,17035355,31493287,-95,Regular,0,0.3665922999288324,0
202509077612_17035355_R4,17035355,30518588,668,Regular,1,0.9790678994786605,1
202509087532_15078846_R1,15078846,16366152,35,Quick,0,0.550199353253537,1
202509087532_15078846_R2,15078846,12503918,74,Quick,1,0.6049129020079569,1
202509087532_15078846_R3,15078846,14740995,86,Quick,0,0.6212967231224545,1
202509118222_14490864_R1,14490864,12820409,392,Quick,1,0.9052126040268039,1
202509118222_14490864_R2,14490864,10047871,-333,Quick,0,0.1282074219668559,0
202509118222_14490864_R3,14490864,12819377,247,Quick,0,0.8056276940436502,1
202509118222_14490864_R4,14490864,30144836,41,Quick,0,0.558731369324761,1
202509128422_13377996_R1,13377996,32534735,2215,Regular,1,0.9999970993272151,1
202509128422_13377996_R2,13377996,32324996,1665,Regular,1,0.9999312187399562,1
202509128422_13377996_R3,13377996,32506733,1472,Regular,1,0.9997911140293796,1
202509128462_30110069_R1,30110069,30777133,725,Quick,1,0.9848342757499998,1
202509128462_30110069_R2,30110069,30432280,751,Quick,1,0.9869148209092587,1
202509128462_30110069_R3,30110069,30135865,171,Quick,1,0.7279715135441962,1
202509138862_16470506_R1,16470506,17302097,486,Quick,0,0.9425482089233579,1
202509138862_16470506_R2,16470506,30377823,348,Quick,0,0.8811377835536983,1
202509138862_16470506_R3,16470506,17305123,421,Quick,0,0.9185996494207047,1
202509138872_32215714_R1,32215714,13347122,-19,Quick,0,0.4726840269935071,0
202509138872_32215714_R2,32215714,16740405,10,Quick,0,0.5143871841659987,1
202509138872_32215714_R3,32215714,14337717,65,Quick,1,0.5924662305843318,1
202509139292_16920880_R1,16920880,31453265,-85,Regular,0,0.3800586409554767,0
202509139292_16920880_R2,16920880,31298210,36,Regular,0,0.5516235473109605,1
202509139362_30387428_R1,30387428,10339022,326,Regular,1,0.8672208959675437,1
202509139362_30387428_R2,30387428,14004248,229,Regular,0,0.7888870682101548,1
202509139362_30387428_R3,30387428,13847466,222,Regular,1,0.7820980161313187,1
202509139362_30387428_R4,30387428,12188500,-75,Regular,1,0.3937121762145718,0
202509139422_13377996_R1,13377996,20006337,101,Regular,0,0.641390111955618,1
202509139422_13377996_R2,13377996,30082227,72,Regular,0,0.6021580931747169,1
202509139422_13377996_R3,13377996,30014129,38,Regular,0,0.554469374021676,1
202509139642_10164176_R1,10164176,31337940,803,Regular,1,0.9902668760886076,1
202509139642_10164176_R2,10164176,16070161,404,Regular,1,0.9109760314653452,1
202509139642_10164176_R3,10164176,12585616,209,Regular,0,0.7690759234333929,1
202509139642_10164176_R4,10164176,13569478,263,Regular,1,0.8196458144946892,1
202509139892_31223384_R1,31223384,14384402,-396,Regular,0,0.09283006384728522,0
202509139892_31223384_R2,31223384,10002826,-130,Regular,0,0.3211830802052434,0
202509139892_31223384_R3,31223384,30635312,-100,Regular,0,0.35993500019711494,0
202509140122_30632791_R1,30632791,32499951,464,Quick,1,0.9352934990460783,1
202509140122_30632791_R3,30632791,32506143,473,Quick,0,0.9383590868211533,1
202509140122_30632791_R4,30632791,32376453,125,Quick,1,0.672509643334985,1
202509140382_16368933_R1,16368933,31185062,139,Regular,1,0.6900062072803139,1
202509140382_16368933_R2,16368933,30318055,-351,Regular,0,0.11706539587431786,0
202509140402_30156835_R1,30156835,31275275,-259,Regular,0,0.18378310342439722,0
202509140402_30156835_R2,30156835,30799518,-57,Regular,1,0.41869852163108506,0
202509140402_30156835_R3,30156835,30141903,45,Regular,0,0.5644004902404213,1
202509140402_30156835_R4,30156835,31870342,-60,Regular,0,0.4145013213281905,0
202509141122_17035355_R1,17035355,16307710,232,Regular,1,0.7917488375081845,1
202509141122_17035355_R2,17035355,30291128,138,Regular,0,0.6887735686687132,1
202509141122_17035355_R3,17035355,30057945,116,Regular,0,0.6609990912463583,1
202509141122_17035355_R5,17035355,17338061,165,Regular,0,0.7210782431975601,1
202509151152_15078846_R1,15078846,15147505,49,Quick,0,0.5700528235839882,1
202509151152_15078846_R2,15078846,16366152,27,Quick,0,0.5387780920571715,1
202509151152_15078846_R3,15078846,30015588,-16,Quick,0,0.4769904127024377,0
202509164312_10060842_R1,10060842,17102588,227,Regular,1,0.7869632793894692,1
202509164312_10060842_R2,10060842,12773840,-139,Regular,0,0.30999379271968613,0
202509164312_10060842_R3,10060842,12452599,511,Regular,1,0.949862711930845,1
202509164312_10060842_R4,10060842,15773494,190,Regular,0,0.7490830628775357,1
202509164312_10060842_R5,10060842,12471507,27,Regular,0,0.5387780920571715,1
202509182192_16387797_R2,16387797,12027970,-567,Regular,0,0.03683010032338034,0
202509182192_16387797_R4,16387797,12492401,-381,Regular,0,0.10036168484994894,0
202509182192_16387797_R5,16387797,32288359,-331,Regular,0,0.12949974225673044,0
202509182222_14490864_R1,14490864,17068444,561,Quick,1,0.9619248903677752,1
202509182222_14490864_R2,14490864,10098327,-284,Quick,0,0.16316903399710528,0
202509182222_14490864_R3,14490864,16509885,52,Quick,1,0.5742802036545245,1
202509182222_14490864_R4,14490864,14337717,-36,Quick,0,0.4483764526890395,0
202509192422_31373726_R1,31373726,17263401,176,Quick,0,0.7336337024138074,1
202509192422_31373726_R2,31373726,12461707,53,Quick,0,0.5756869523764296,1
202509192422_31373726_R3,31373726,17100356,176,Quick,1,0.7336337024138074,1
202509192442_13377996_R1,13377996,32534735,2210,Regular,1,0.9999970146262936,1
202509192442_13377996_R2,13377996,31899356,669,Regular,1,0.9791855473580487,1
202509192442_13377996_R3,13377996,10153492,612,Regular,1,0.9713339041975821,1
202509200512_17154490_R1,17154490,12147190,-18,Unknown,0,0.4741190691088309,0
202509200512_17154490_R3,17154490,16611128,132,Unknown,0,0.6813218351663937,1
202509200512_17154490_R4,17154490,30427379,229,Unknown,1,0.7888870682101548,1
202509202802_30911018_R1,30911018,16764890,183,Quick,0,0.7414335229692995,1
202509202802_30911018_R2,30911018,31249664,108,Quick,0,0.6506046279338725,1
202509202802_30911018_R3,30911018,30337788,416,Quick,1,0.9164213770695134,1
202509202812_16899496_R1,16899496,13209804,84,Quick,0,0.6185841220890307,1
202509202812_16899496_R2,16899496,14337717,82,Quick,0,0.615864104253756,1
202509202882_10164176_R1,10164176,31481952,784,Regular,1,0.9891541405229187,1
202509202882_10164176_R2,10164176,14835951,459,Regular,1,0.9335296284754416,1
202509202882_10164176_R3,10164176,14290675,20,Regular,0,0.5287505638922686,1
202509203132_30733235_R1,30733235,16915550,-103,Quick,0,0.35596614617770733,0
202509203132_30733235_R2,30733235,30737033,170,Quick,1,0.726830072276731,1
202509203132_30733235_R3,30733235,30560898,100,Quick,0,0.6400649998028851,1
202509203132_30733235_R4,30733235,31454915,38,Quick,0,0.554469374021676,1
202509203652_15216206_R1,15216206,30205432,888,Regular,1,0.9940104944789321,1
202509203652_15216206_R2,15216206,17052301,-336,Regular,0,0.12628957905491864,0
202509203652_15216206_R3,15216206,31567186,314,Regular,1,0.8590630023766738,1
202509203652_15216206_R4,15216206,30477246,231,Regular,1,0.7907981027972382,1
202509203652_15216206_R5,15216206,20006337,-176,Regular,0,0.2663662975861926,0
202509214032_17171472_R1,17171472,32470942,1141,Quick,1,0.998597539972914,1
202509214032_17171472_R2,17171472,32366046,950,Quick,1,0.9958007430852935,1
202509214032_17171472_R3,17171472,12783405,165,Quick,0,0.7210782431975601,1
202509214052_30387428_R1,30387428,31264605,199,Regular,1,0.7586946201468556,1
202509214052_30387428_R2,30387428,16368295,-109,Regular,0,0.34808796012533627,0
202509214052_30387428_R3,30387428,16024621,-70,Regular,0,0.40060320329074317,0
202509214052_30387428_R4,30387428,16024663,28,Regular,1,0.5402082283237456,1
202509214052_30387428_R5,30387428,31496276,-346,Regular,0,0.12007331198938315,0
202509214102_30156835_R1,30156835,30660349,138,Regular,0,0.6887735686687132,1
202509214102_30156835_R2,30156835,30043390,141,Regular,1,0.6924633925795177,1
202509214102_30156835_R3,30156835,31835127,143,Regular,0,0.6949097127295025,1
202509214182_30045956_R1,30045956,12559598,416,Regular,1,0.9164213770695134,1
202509214182_30045956_R2,30045956,30420946,678,Regular,1,0.9802156568897962,1
202509214182_30045956_R3,30045956,31357174,166,Regular,1,0.7222345336491706,1
202509214182_30045956_R4,30045956,30590966,871,Regular,1,0.9933987888256804,1
202509214302_30444207_R1,30444207,16596204,262,Regular,1,0.8187932901343153,1
202509214302_30444207_R2,30444207,32528885,12,Regular,0,0.5172625244323762,1
202509214302_30444207_R3,30444207,31453265,22,Regular,0,0.5316182978281073,1
202509214302_30444207_R4,30444207,16816953,212,Regular,1,0.7721286734685839,1
202509214302_30444207_R5,30444207,30131064,-87,Regular,0,0.3773498042127379,0
202509214322_30135488_R1,30135488,30021753,231,Regular,0,0.7907981027972382,1
202509214322_30135488_R2,30135488,16522403,110,Regular,1,0.6532171672188698,1
202509214322_30135488_R3,30135488,30351272,92,Regular,1,0.6293885472175023,1
202509214362_30311276_R2,30311276,17090631,-95,Regular,0,0.3665922999288324,0
202509214362_30311276_R3,30311276,16452322,-128,Regular,0,0.3236983305072631,0
202509214362_30311276_R4,30311276,30045327,-51,Regular,1,0.4271277486054956,0
202509214362_30311276_R5,30311276,12523517,-111,Regular,0,0.34548000561753406,0
202509214512_12451516_R1,12451516,17314901,241,Regular,1,0.8001620559151359,1
202509214512_12451516_R2,12451516,14653287,-362,Regular,0,0.11067748628905313,0
202509214512_12451516_R3,12451516,30662623,421,Regular,1,0.9185996494207047,1
202509214512_12451516_R4,12451516,30338935,209,Regular,1,0.7690759234333929,1
202509214512_12451516_R5,12451516,16442373,-123,Regular,0,0.3300309860965169,0
202509214582_30520681_R1,30520681,12641188,-373,Regular,0,0.10459685263267142,0
202509214582_30520681_R2,30520681,14214627,-253,Regular,0,0.1890208418800522,0
202509214582_30520681_R3,30520681,16656363,-84,Regular,0,0.38141587791096926,0
202509214582_30520681_R4,30520681,16779171,-110,Regular,0,0.34678283278113026,0
202509214752_17344518_R1,17344518,15645121,598,Regular,1,0.969002622496188,1
202509214752_17344518_R2,17344518,13135370,534,Regular,1,0.9558053735135885,1
202509214752_17344518_R3,17344518,16285567,335,Regular,1,0.8730738822502696,1
202509214752_17344518_R4,17344518,15519518,97,Regular,1,0.6360768996878818,1
202509214752_17344518_R5,17344518,32511540,-169,Regular,0,0.27431435372821295,0
202509225392_15078846_R1,15078846,30015588,-25,Quick,1,0.4640840730548977,0
202509225392_15078846_R2,15078846,15147505,6,Quick,0,0.5086338358210827,1
202509225392_15078846_R3,15078846,12503918,45,Quick,1,0.5644004902404213,1
202509235722_14490864_R1,14490864,12675843,-121,Quick,1,0.33258157812677697,0
202509235722_14490864_R2,14490864,16061277,-262,Quick,0,0.1812067098656847,0
202509235722_14490864_R3,14490864,13209804,-109,Quick,0,0.34808796012533627,0
202509235722_14490864_R4,14490864,15361305,-107,Quick,0,0.3507050528890364,0
202509246272_30520681_R1,30520681,16061764,-197,Regular,0,0.24341940570494724,0
202509246272_30520681_R2,30520681,17249868,137,Regular,1,0.6875382482123418,1
202509246272_30520681_R3,30520681,12641188,-359,Regular,0,0.1123887401401455,0
202509246272_30520681_R4,30520681,14146695,-236,Regular,0,0.20448009968725794,0
202509256732_14490864_R1,14490864,31738807,537,Quick,1,0.9565291425886061,1
202509256732_14490864_R2,14490864,14390720,-213,Quick,0,0.2268600869232327,0
202509256732_14490864_R3,14490864,12915762,-157,Quick,0,0.2882774756572447,0
202509256732_14490864_R4,14490864,31836953,857,Quick,1,0.9928487314836711,1
202509267172_13377996_R1,13377996,32534735,2217,Regular,1,0.9999971325308469,1
202509267172_13377996_R2,13377996,10153492,620,Regular,1,0.9725887253726934,1
202509267172_13377996_R3,13377996,14684521,512,Regular,0,0.9501361462210238,1
202509267222_30110069_R1,30110069,30432292,842,Quick,1,0.9922088227539905,1
202509267222_30110069_R2,30110069,16792961,-24,Quick,0,0.46551605527316847,0
202509267222_30110069_R3,30110069,30068380,441,Quick,1,0.9268039139277936,1
202509267252_30257133_R1,30257133,17311091,308,Regular,1,0.8548291775317596,1
202509267252_30257133_R2,30257133,31376487,260,Regular,1,0.8170788341999742,1
202509267252_30257133_R3,30257133,12551650,134,Regular,1,0.6838163141936586,1
202509267352_15481128_R2,15481128,10011191,-658,Regular,0,0.02214493897599086,0
202509267352_15481128_R3,15481128,12376330,-258,Regular,0,0.18464818471669944,0
202509267352_15481128_R4,15481128,10007763,-371,Regular,0,0.10568003014887221,0
202509277592_16489786_R1,16489786,30694503,425,Quick,1,0.9203048806723595,1
202509277592_16489786_R2,16489786,15178494,237,Quick,1,0.7964546997117258,1
202509277592_16489786_R3,16489786,30337885,227,Quick,1,0.7869632793894692,1
202509277612_14337717_R1,14337717,12915762,-133,Quick,1,0.3174296145252281,0
202509277612_14337717_R2,14337717,16749515,-139,Quick,0,0.30999379271968613,0
202509277772_16378945_R1,16378945,31479780,819,Quick,1,0.9911156768741481,1
202509277772_16378945_R2,16378945,15334347,242,Quick,1,0.8010809398289457,1
202509277772_16378945_R3,16378945,16995856,150,Quick,1,0.7033850034718286,1
202509277772_16378945_R4,16378945,15256465,16,Quick,0,0.5230095872975623,1
202509277772_16378945_R5,16378945,30255154,456,Quick,1,0.9324499710034239,1
202509278082_30257133_R1,30257133,31417185,384,Regular,1,0.9011868291216677,1
202509278082_30257133_R2,30257133,14698034,-172,Regular,1,0.27089003710224746,0
202509278082_30257133_R3,30257133,17105641,-281,Regular,0,0.1655408182910169,0
202509278082_30257133_R4,30257133,14881532,-117,Regular,0,0.33771220256911116,0
202509278122_30733235_R1,30733235,30339526,47,Quick,0,0.5672288443429522,1
202509278122_30733235_R2,30733235,30339263,-21,Quick,0,0.469815319996098,0
202509278122_30733235_R3,30733235,30560898,61,Quick,1,0.5868950233791,1
202509278122_30733235_R4,30733235,31162257,-142,Quick,0,0.3063120835780346,0
202509278282_14793323_R1,14793323,30745116,-77,Regular,0,0.39096739659576046,0
202509278282_14793323_R3,14793323,16392562,66,Regular,1,0.5938553852361779,1
202509278282_14793323_R4,14793323,17287571,-215,Regular,0,0.2248471343503159,0
202509278302_30045956_R1,30045956,10401895,78,Regular,1,0.6104024220946891,1
202509278302_30045956_R2,30045956,32140016,-92,Regular,0,0.37061145278249774,0
202509278302_30045956_R4,30045956,12560685,178,Regular,1,0.7358774441014764,1
202509278502_13377996_R1,13377996,17314200,174,Regular,1,0.7313778578393882,1
202509278502_13377996_R2,13377996,30024270,188,Regular,0,0.7469129214289432,1
202509278502_13377996_R3,13377996,30082227,81,Regular,0,0.6145013610085578,1
202509278532_30135488_R1,30135488,30133556,473,Regular,1,0.9383590868211533,1
202509278532_30135488_R2,30135488,30648788,541,Regular,1,0.9574765824439511,1
202509278532_30135488_R3,30135488,13564905,137,Regular,1,0.6875382482123418,1
202509280482_13377996_R1,13377996,31337940,905,Regular,1,0.9945658260964874,1
202509280482_13377996_R2,13377996,11273025,609,Regular,1,0.9708491153327415,1
202509280482_13377996_R3,13377996,12541249,106,Regular,1,0.6479830132503057,1
202509280482_13377996_R4,13377996,20006337,65,Regular,0,0.5924662305843318,1
202509289042_31223384_R2,31223384,30512002,-196,Regular,0,0.24448111792880314,0
202509289142_15013917_R1,15013917,30394255,278,Regular,1,0.8320598405303332,1
202509289142_15013917_R2,15013917,30226671,455,Regular,1,0.9320864847027436,1
202509289142_15013917_R3,15013917,16091063,-114,Regular,0,0.34158547908308745,0
202509289142_15013917_R4,15013917,16967853,-10,Regular,0,0.48561281583400134,0
202509289142_15013917_R5,15013917,30150762,46,Regular,0,0.5658152030692333,1
202509289822_10017751_R1,10017751,12654016,300,Regular,0,0.8490204427886767,1
202509289822_10017751_R2,10017751,12938712,286,Regular,0,0.8383969073869433,1
202509289832_17035355_R2,17035355,11052452,70,Regular,1,0.5993967967092568,1
202509289832_17035355_R3,17035355,14968016,-143,Regular,0,0.30509028727049736,0
202509289832_17035355_R4,17035355,14904076,-247,Regular,0,0.19437230595634977,0
202509289832_17035355_R5,17035355,15560780,-103,Regular,0,0.35596614617770733,0
202509290332_31817543_R3,31817543,32288359,-347,Regular,1,0.11946643775259876,0
202509290332_31817543_R4,31817543,14800390,-305,Regular,1,0.14732704794388854,0
202509290332_31817543_R5,31817543,12962172,-434,Regular,0,0.07597710350276544,0
202509290332_31817543_R6,31817543,12819377,-548,Regular,0,0.04091269989667932,0
202509290352_30994349_R1,30994349,30355010,199,Regular,1,0.7586946201468556,1
202509290352_30994349_R3,30994349,16911191,-121,Regular,0,0.33258157812677697,0
202509290352_30994349_R4,30994349,14815078,75,Regular,1,0.6062878237854281,1
202509290352_30994349_R5,30994349,10267170,-4,Regular,1,0.49424379158885506,0
202509290352_30994349_R6,30994349,13696874,-53,Regular,0,0.4243130476235704,0
202509290392_15078846_R1,15078846,30770532,81,Quick,1,0.6145013610085578,1
202509290392_15078846_R2,15078846,14740995,139,Quick,0,0.6900062072803139,1
202509290392_15078846_R3,15078846,16366152,79,Quick,1,0.6117705007810643,1
202509300792_31223384_R1,31223384,31178280,-175,Regular,0,0.2674927102443324,0
202509300792_31223384_R2,31223384,30719751,85,Regular,0,0.6199413590445233,1
202509300792_31223384_R3,31223384,10031478,70,Regular,1,0.5993967967092568,1
202509300792_31223384_R4,31223384,31180759,-34,Regular,0,0.4512256641402582,0
202509300812_15078846_R1,15078846,31286096,450,Regular,1,0.9302417126410938,1
202509300812_15078846_R2,15078846,14740995,154,Regular,1,0.7081663882812006,1
202509300812_15078846_R3,15078846,12455097,27,Regular,1,0.5387780920571715,1
202509300812_15078846_R4,15078846,14156561,-3,Regular,0,0.49568276024494023,0
202509300812_15078846_R5,15078846,31478370,557,Regular,1,0.9610725312524264,1
202509300822_16920880_R2,16920880,31851961,52,Regular,1,0.5742802036545245,1
202509300822_16920880_R3,16920880,31806720,-18,Regular,0,0.4741190691088309,0
202510021752_12894549_R1,12894549,14958465,347,Regular,0,0.8805335622474012,1
202510021752_12894549_R2,12894549,12833895,687,Regular,1,0.9811957652105315,1
202510021792_31669397_R1,31669397,16577100,-517,Quick,1,0.04851775409661937,0
202510021792_31669397_R2,31669397,12834788,-762,Quick,0,0.012292168287275182,0
202510021792_31669397_R3,31669397,16880148,-500,Quick,0,0.05324021520202244,0
202510021792_31669397_R4,31669397,13137402,-168,Quick,1,0.27546175715746396,0
202510032642_17171472_R2,17171472,10637317,-474,Regular,1,0.061308790821601164,0
202510032642_17171472_R3,17171472,30230374,-455,Regular,0,0.06791351529725646,0
202510032642_17171472_R4,17171472,32233496,-263,Regular,0,0.18035418550531074,0
202510032642_17171472_R5,17171472,31764373,449,Regular,1,0.9298672374484249,1
202510032692_10164176_R1,10164176,30103681,612,Regular,1,0.9713339041975821,1
202510032692_10164176_R2,10164176,30041119,409,Regular,1,0.9132827941566174,1
202510032692_10164176_R3,10164176,30374180,349,Regular,1,0.8817393593419074,1
202510032692_10164176_R4,10164176,12585616,203,Regular,1,0.7628849803052542,1
202510032692_10164176_R5,10164176,12571173,356,Regular,1,0.8858769425858495,1
202510032742_13377996_R1,13377996,12885053,573,Regular,1,0.9643757063904481,1
202510032742_13377996_R2,13377996,31239603,468,Regular,1,0.936673124689052,1
202510032742_13377996_R3,13377996,32506733,1507,Regular,1,0.999829224397282,1
202510042822_15361305_R1,15361305,12781369,-318,Quick,0,0.13817215242008227,0
202510042822_15361305_R2,15361305,16601666,19,Quick,1,0.527315973006493,1
202510042822_15361305_R3,15361305,17080545,6,Quick,1,0.5086338358210827,1
202510042832_16489786_R1,16489786,32469052,496,Quick,1,0.9455871395661248,1
202510042832_16489786_R2,16489786,17275033,395,Quick,1,0.9066840316615196,1
202510042832_16489786_R3,16489786,31440567,359,Quick,1,0.8876112598598545,1
202510043302_14793323_R1,14793323,16004571,-608,Regular,0,0.029314241270450396,0
202510043302_14793323_R2,14793323,30528820,204,Regular,1,0.7639246991448386,1
202510043302_14793323_R3,14793323,16429174,-591,Regular,0,0.03223085106388676,0
202510043592_30163816_R1,30163816,17103011,-14,Regular,0,0.47986327796418354,0
202510043592_30163816_R2,30163816,12659954,98,Regular,0,0.6374083767444845,1
202510043592_30163816_R3,30163816,12656884,-136,Regular,0,0.3136997423166875,0
202510043602_17128308_R1,17128308,30696707,600,Regular,1,0.9693465699682844,1
202510043602_17128308_R2,17128308,30791301,745,Regular,1,0.9864612050649981,1
202510043602_17128308_R3,17128308,20015240,319,Regular,1,0.8625119039913111,1
202510043602_17128308_R4,17128308,17288951,585,Regular,1,0.9666742338227894,1
202510043702_10164176_R1,10164176,31615447,520,Quick,1,0.9522732789657962,1
202510043702_10164176_R2,10164176,30580998,394,Quick,1,0.9061958467735052,1
202510043702_10164176_R3,10164176,13377996,-88,Quick,0,0.37599824138233284,0
202510043702_10164176_R4,10164176,10158419,195,Quick,0,0.7544540419421866,1
202510043702_10164176_R5,10164176,16796991,277,Quick,0,0.8312539156520465,1
202510054052_16059387_R1,16059387,16378223,-164,Regular,0,0.2800809940528481,0
202510054052_16059387_R2,16059387,16723842,-96,Regular,0,0.3652566649476832,0
202510054242_15078846_R1,15078846,10318637,283,Regular,1,0.836043425542047,1
202510054242_15078846_R2,15078846,30131511,192,Regular,1,0.7512407935337106,1
202510054242_15078846_R3,15078846,14653287,-335,Regular,0,0.12692611774973042,0
202510054242_15078846_R4,15078846,12288810,260,Regular,1,0.8170788341999742,1
202510054242_15078846_R5,15078846,17120647,-49,Regular,0,0.42994717641601177,0
202510054422_12451516_R1,12451516,16936981,426,Regular,1,0.9207260613687934,1
202510054422_12451516_R2,12451516,30888475,425,Regular,1,0.9203048806723595,1
202510054422_12451516_R3,12451516,17089848,-112,Regular,0,0.344179494087605,0
202510054422_12451516_R4,12451516,31549289,-159,Regular,1,0.2859210974146497,0
202510054422_12451516_R5,12451516,12809371,-78,Regular,0,0.389597577905311,0
202510054442_30156835_R1,30156835,31661911,79,Regular,0,0.6117705007810643,1
202510054442_30156835_R2,30156835,30758909,55,Regular,1,0.5784967523447427,1
202510054442_30156835_R3,30156835,16935841,-64,Regular,1,0.4089244036850566,0
202510054482_13377996_R1,13377996,30260472,618,Regular,1,0.9722801162737278,1
202510054482_13377996_R2,13377996,13467370,251,Regular,1,0.809207997485838,1
202510054482_13377996_R3,13377996,12541249,115,Regular,0,0.6597079941447481,1
202510054482_13377996_R4,13377996,17109163,-33,Regular,0,0.45265148195413535,0
202510054512_30328482_R3,30328482,16899496,307,Regular,1,0.8541133619456244,1
202510054512_30328482_R4,30328482,30221502,217,Regular,1,0.777153105314726,1
202510054512_30328482_R5,30328482,14770047,358,Regular,1,0.8870357268841216,1
202510054602_17344518_R1,17344518,16649550,656,Regular,1,0.9776043775428295,1
202510054602_17344518_R2,17344518,17324061,458,Regular,0,0.9331715354303313,1
202510054602_17344518_R3,17344518,31283509,728,Regular,1,0.9850900586106714,1
202510054602_17344518_R4,17344518,14099361,18,Regular,0,0.525880930891169,1
202510054972_30444207_R1,30444207,30247836,-248,Regular,0,0.19347247718289215,0
202510054972_30444207_R2,30444207,30318055,-195,Regular,0,0.24554595805781354,0
202510054972_30444207_R3,30444207,30030387,144,Regular,1,0.6961287704295998,1
202510054972_30444207_R4,30444207,30508057,19,Regular,0,0.527315973006493,1
202510065172_32215714_R1,32215714,12007520,154,Regular,0,0.7081663882812006,1
202510065172_32215714_R2,32215714,13718304,162,Regular,0,0.7175917231915314,1
202510065172_32215714_R3,32215714,12808315,125,Regular,0,0.672509643334985,1
202510065322_15078846_R1,15078846,30015588,43,Quick,1,0.5615679389736461,1
202510065322_15078846_R2,15078846,16366152,87,Quick,1,0.6226501957872621,1
202510065322_15078846_R3,15078846,14740995,227,Quick,1,0.7869632793894692,1
202510065402_12420184_R1,12420184,12523634,-210,Regular,1,0.22990332333901797,0
202510065402_12420184_R2,12420184,10481376,-218,Regular,0,0.22185154578086755,0
202510065402_12420184_R3,12420184,12633241,17,Regular,0,0.5244454611206615,1
202510065402_12420184_R4,12420184,16636306,40,Regular,0,0.5573116337622928,1
202510065402_12420184_R5,12420184,10005434,-311,Regular,0,0.1430408607355515,0
202510086322_16387797_R1,16387797,31954104,52,Regular,0,0.5742802036545245,1
202510086322_16387797_R2,16387797,30421737,46,Regular,0,0.5658152030692333,1
202510086322_16387797_R3,16387797,12668990,168,Regular,0,0.7245382428425361,1
202510086322_16387797_R5,16387797,14003952,16,Regular,0,0.5230095872975623,1
202510086322_16387797_R6,16387797,31719049,226,Regular,0,0.7859966022821575,1
202510086822_10164176_R1,10164176,12889527,486,Unknown,1,0.9425482089233579,1
202510086822_10164176_R2,10164176,10161703,358,Unknown,1,0.8870357268841216,1
202510086822_10164176_R3,10164176,12571173,316,Unknown,1,0.8604511617577122,1
202510086822_10164176_R4,10164176,12585616,186,Unknown,0,0.7447304068650347,1
202510086822_10164176_R5,10164176,16769195,459,Unknown,0,0.9335296284754416,1
202510086822_10164176_R6,10164176,15485912,167,Unknown,1,0.7233878694391705,1
202510090512_30520681_R4,30520681,31388631,-93,Regular,0,0.3692697113837977,0
202510090512_30520681_R5,30520681,14873731,-92,Regular,0,0.37061145278249774,0
202510090512_30520681_R6,30520681,17249868,166,Regular,1,0.7222345336491706,1
202510090512_30520681_R7,30520681,16061764,-187,Regular,1,0.2541767916495005,0
202510090512_30520681_R8,30520681,13196001,-165,Regular,1,0.2789217568024399,0
202510096742_15361305_R1,15361305,16721521,482,Quick,1,0.94128855387098,1
202510096742_15361305_R2,15361305,14815078,146,Quick,1,0.698558626418023,1
202510107002_30110069_R1,30110069,30311069,637,Quick,1,0.9750804358132771,1
202510107002_30110069_R2,30110069,17303875,366,Quick,1,0.8915686668733666,1
202510107002_30110069_R3,30110069,31117579,795,Quick,1,0.9898128410219639,1
202510107142_16378945_R1,16378945,30549303,270,Quick,1,0.8255259873611817,1
202510107142_16378945_R2,16378945,17066385,26,Quick,1,0.5373473171664928,1
202510107142_16378945_R3,16378945,12808731,24,Quick,0,0.5344839447268315,1
202510117542_32215714_R1,32215714,16881026,-21,Quick,0,0.469815319996098,0
202510117542_32215714_R2,32215714,13209804,-67,Quick,0,0.4047569603484281,0
202510117542_32215714_R3,32215714,16601666,-6,Quick,0,0.4913661641789174,0
202510117552_16489786_R1,16489786,30736851,416,Quick,1,0.9164213770695134,1
202510117552_16489786_R2,16489786,16470506,355,Quick,1,0.8852936760540788,1
202510117552_16489786_R3,16489786,30339618,308,Quick,0,0.8548291775317596,1
202510117772_30733235_R1,30733235,30952774,204,Quick,1,0.7639246991448386,1
202510117772_30733235_R2,30733235,31521737,86,Quick,1,0.6212967231224545,1
202510117772_30733235_R3,30733235,31495794,58,Quick,1,0.5827018849642301,1
202510117772_30733235_R4,30733235,30540140,-164,Quick,0,0.2800809940528481,0
202510117932_16378945_R1,16378945,15676680,44,Regular,1,0.5629847281035958,1
202510117932_16378945_R2,16378945,12779311,-191,Regular,0,0.24983651817135802,0
202510117932_16378945_R3,16378945,31624847,122,Regular,1,0.6686949563073317,1
202510117972_12451516_R1,12451516,16936981,386,Regular,0,0.9022073203450998,1
202510118212_15013917_R1,15013917,16752001,223,Regular,1,0.7830774434096761,1
202510118212_15013917_R2,15013917,30023364,197,Regular,0,0.7565805942950526,1
202510118452_30520681_R1,30520681,17124531,-32,Regular,0,0.4540780772195163,0
202510118452_30520681_R2,30520681,31159125,-24,Regular,0,0.46551605527316847,0
202510118452_30520681_R4,30520681,30033726,30,Regular,1,0.5430664920222119,1
202510118492_12650696_R1,12650696,16240742,748,Regular,1,0.9866899192234028,1
202510118492_12650696_R2,12650696,13693915,555,Regular,1,0.9606395144955483,1
202510118492_12650696_R3,12650696,16309084,322,Regular,1,0.8645470054113045,1
202510118492_12650696_R4,12650696,12536285,94,Regular,0,0.6320700121000735,1
202510129252_14793323_R1,14793323,17028955,-182,Regular,0,0.25967158048516964,0
202510129252_14793323_R2,14793323,16669663,94,Regular,0,0.6320700121000735,1
202510129252_14793323_R3,14793323,31876704,163,Regular,1,0.718756829898782,1
202510129252_14793323_R4,14793323,17081527,84,Regular,1,0.6185841220890307,1
202510129252_14793323_R5,14793323,30729099,-35,Regular,0,0.449800646746463,0
202510129352_17035355_R1,17035355,30784129,-143,Regular,0,0.30509028727049736,0
202510129352_17035355_R2,17035355,30074521,-122,Regular,0,0.33130504369266833,0
202510129352_17035355_R3,17035355,15991103,-71,Regular,1,0.399221754109989,0
202510129352_17035355_R4,17035355,16700200,-143,Regular,0,0.30509028727049736,0
202510129392_30311276_R1,30311276,30733032,-122,Regular,0,0.33130504369266833,0
202510129392_30311276_R2,30311276,30154455,-60,Regular,0,0.4145013213281905,0
202510129392_30311276_R3,30311276,30394882,-93,Regular,0,0.3692697113837977,0
202510129392_30311276_R4,30311276,30081108,-67,Regular,0,0.4047569603484281,0
202510129412_15197996_R1,15197996,14390720,-443,Quick,0,0.07241889492653986,0
202510129412_15197996_R2,15197996,31817543,331,Quick,0,0.8705002577432696,1
202510129412_15197996_R3,15197996,30058347,40,Quick,0,0.5573116337622928,1
202510129412_15197996_R4,15197996,12819377,-11,Quick,1,0.4841750147352649,0
202510130182_17128308_R1,17128308,16108388,756,Quick,0,0.9872813524037093,1
202510130182_17128308_R2,17128308,30239811,386,Quick,1,0.9022073203450998,1
202510130182_17128308_R3,17128308,30058347,587,Quick,1,0.9670431384326198,1
202510130182_17128308_R4,17128308,17055610,342,Quick,1,0.8774725143294195,1
202510130182_17128308_R5,17128308,17110950,358,Quick,1,0.8870357268841216,1
202510130182_17128308_R6,17128308,15255524,102,Quick,0,0.6427130688326204,1
202510130472_15078846_R1,15078846,14740995,266,Quick,0,0.8221846111535023,1
202510130472_15078846_R2,15078846,30015588,57,Quick,1,0.581301478368915,1
202510130472_15078846_R3,15078846,16366152,116,Quick,1,0.6609990912463583,1
202510130602_17154490_R1,17154490,30170409,329,Regular,1,0.8691968654550538,1
202510130602_17154490_R2,17154490,14056673,-401,Regular,0,0.09043446919256597,0
202510130602_17154490_R3,17154490,31296341,272,Regular,0,0.8271780169631395,1
202510130602_17154490_R4,17154490,17093275,254,Regular,0,0.8118599983337865,1
202510130602_17154490_R5,17154490,31453265,254,Regular,0,0.8118599983337865,1
202510130602_17154490_R6,17154490,16898466,196,Regular,1,0.7555188820711969,1
202510130602_17154490_R7,17154490,30075883,143,Regular,1,0.6949097127295025,1
202510130982_15570195_R1,15570195,17287571,208,Regular,0,0.7680520031675839,1
202510130982_15570195_R2,15570195,16464806,88,Regular,0,0.6240017586176672,1
202510130982_15570195_R3,15570195,16091063,12,Regular,0,0.5172625244323762,1
202510130982_15570195_R4,15570195,16586700,216,Regular,1,0.7761545753418307,1
202510130982_15570195_R5,15570195,16996844,100,Regular,1,0.6400649998028851,1
202510130982_15570195_R6,15570195,15969005,-203,Regular,0,0.23711501969474583,0
202510130982_15570195_R7,15570195,30713425,-124,Regular,0,0.32875941918416823,0
202510130982_15570195_R8,15570195,16397710,31,Regular,0,0.544494573083008,1
202510130982_15570195_R9,15570195,12902833,89,Regular,0,0.6253513933075368,1
202510141042_30063365_R2,30063365,12799690,-320,Regular,0,0.13680688860321,0
202510141042_30063365_R3,30063365,16246077,41,Regular,1,0.558731369324761,1
202510141042_30063365_R4,30063365,14020007,-243,Regular,0,0.19800335588556686,0
202510141042_30063365_R6,30063365,10363365,-228,Regular,0,0.2120732319225979,0
202510151442_14793323_R1,14793323,30658202,16,Regular,0,0.5230095872975623,1
202510151442_14793323_R2,14793323,16669663,82,Regular,0,0.615864104253756,1
202510151442_14793323_R3,14793323,30288921,-100,Regular,0,0.35993500019711494,0
202510161662_10051932_R1,10051932,32199234,938,Regular,1,0.995501766093549,1
202510161662_10051932_R2,10051932,17256666,201,Regular,1,0.7607960909891424,1
202510161662_10051932_R3,10051932,15078894,78,Regular,1,0.6104024220946891,1
202510161662_10051932_R4,10051932,32008775,456,Regular,1,0.9324499710034239,1
202510161662_10051932_R5,10051932,12823853,216,Regular,1,0.7761545753418307,1
202510161812_14490864_R1,14490864,12487679,501,Quick,1,0.9470491982010917,1
202510161812_14490864_R2,14490864,10098327,-264,Quick,0,0.17950479271357694,0
202510161812_14490864_R3,14490864,12796677,47,Quick,1,0.5672288443429522,1
202510161812_14490864_R4,14490864,14337717,-36,Quick,1,0.4483764526890395,0
202510172142_13377996_R1,13377996,13812846,528,Regular,1,0.9543232189603377,1
202510172142_13377996_R2,13377996,31239603,496,Regular,1,0.9455871395661248,1
202510172142_13377996_R3,13377996,10153492,611,Regular,1,0.9711731836042778,1
202510182432_31669397_R1,31669397,30246641,-90,Quick,1,0.373300918333268,0
202510182432_31669397_R2,31669397,30063627,52,Quick,0,0.5742802036545245,1
202510182432_31669397_R3,31669397,30407041,-88,Quick,0,0.37599824138233284,0
202510182582_30733235_R1,30733235,30575816,280,Quick,1,0.8336624691834381,1
202510182582_30733235_R2,30733235,32347582,208,Quick,1,0.7680520031675839,1
202510182582_30733235_R3,30733235,30624693,13,Quick,1,0.5186997779295586,1
202510182582_30733235_R4,30733235,32383631,-125,Quick,0,0.3274903566650149,0
202510182822_13377996_R1,13377996,15865863,195,Regular,1,0.7544540419421866,1
202510182822_13377996_R2,13377996,20006337,54,Regular,0,0.577092475825329,1
202510182822_13377996_R3,13377996,30082227,72,Regular,1,0.6021580931747169,1
202510182982_31373726_R1,31373726,15487690,211,Regular,1,0.7711142606875975,1
202510182982_31373726_R2,31373726,12569761,-302,Regular,0,0.14950969845319736,0
202510182982_31373726_R3,31373726,16930761,-143,Regular,0,0.30509028727049736,0
202510183012_16967853_R1,16967853,12812084,309,Regular,1,0.8555420748926974,1
202510183012_16967853_R2,16967853,16979443,261,Regular,1,0.8179376310581157,1
202510183012_16967853_R3,16967853,31806207,126,Regular,1,0.6737761878883222,1
202510183162_31353893_R1,31353893,17108608,430,Regular,1,0.9223905105706245,1
202510183162_31353893_R2,31353893,30645621,599,Regular,1,0.9691750606956857,1
202510183162_31353893_R3,31353893,31944172,460,Regular,1,0.9338859386628043,1
202510186202_17154490_R1,17154490,12147190,-22,Unknown,0,0.46838170217189273,0
202510186202_17154490_R3,17154490,10267170,217,Unknown,1,0.777153105314726,1
202510186202_17154490_R4,17154490,30489659,280,Unknown,1,0.8336624691834381,1
202510193772_30020975_R1,30020975,30347417,374,Regular,1,0.8959410508417222,1
202510193772_30020975_R2,30020975,16419450,270,Regular,0,0.8255259873611817,1
202510193772_30020975_R3,30020975,15970938,296,Regular,1,0.8460451004320948,1
202510194072_13377996_R1,13377996,16454266,1215,Regular,1,0.9990835646886678,1
202510194072_13377996_R2,13377996,31615447,571,Regular,1,0.963978055919827,1
202510194072_13377996_R3,13377996,20006337,50,Regular,0,0.5714631174083814,1
202510194092_30444207_R1,30444207,13081152,255,Regular,1,0.8127376816365348,1
202510194092_30444207_R2,30444207,13498545,-116,Regular,1,0.33900090875364175,0
202510194092_30444207_R3,30444207,16646544,-139,Regular,0,0.30999379271968613,0
202510194092_30444207_R4,30444207,15891702,-18,Regular,0,0.4741190691088309,0
202510194092_30444207_R5,30444207,30733460,52,Regular,0,0.5742802036545245,1
202510194382_30135488_R1,30135488,30156835,394,Regular,1,0.9061958467735052,1
202510194382_30135488_R2,30135488,16071802,-132,Regular,0,0.3186781648336063,0
202510194382_30135488_R3,30135488,17230292,389,Regular,0,0.9037204383519798,1
202510194382_30135488_R4,30135488,17005361,184,Regular,0,0.7425355589430698,1
202510194852_30021753_R2,30021753,15470470,-115,Regular,0,0.34029200585525193,0
202510194852_30021753_R3,30021753,31630927,-127,Regular,0,0.3249597989597013,0
202510205062_15078846_R1,15078846,12503918,135,Quick,0,0.6850596089933503,1
202510205062_15078846_R2,15078846,14740995,265,Quick,0,0.821341471737012,1
202510205062_15078846_R3,15078846,30015588,59,Quick,1,0.584100958813678,1
202510215352_14337717_R2,14337717,15903686,-181,Quick,1,0.2607797458593321,0
202510215352_14337717_R3,14337717,16873335,-357,Quick,0,0.11354237633604944,0
202510215352_14337717_R4,14337717,13630565,-34,Quick,0,0.4512256641402582,0
202510236152_14490864_R1,14490864,32180732,666,Quick,1,0.9788306482542872,1
202510236152_14490864_R2,14490864,10098327,-228,Quick,0,0.2120732319225979,0
202510236152_14490864_R3,14490864,31669397,507,Quick,1,0.9487547111474991,1
202510236152_14490864_R4,14490864,15466535,-167,Quick,0,0.27661213056082945,0
202510246322_17344518_R1,17344518,16303021,23,Unknown,1,0.5330513938844411,1
202510246322_17344518_R10,17344518,12873912,58,Unknown,1,0.5827018849642301,1
202510246322_17344518_R11,17344518,16059648,-53,Unknown,1,0.4243130476235704,0
202510246322_17344518_R2,17344518,12543137,-25,Unknown,1,0.4640840730548977,0
202510246322_17344518_R3,17344518,14117950,80,Unknown,0,0.6131368201531431,1
202510246322_17344518_R4,17344518,17106692,107,Unknown,1,0.6492949471109635,1
202510246322_17344518_R5,17344518,14514636,-95,Unknown,0,0.3665922999288324,0
202510246322_17344518_R6,17344518,14995723,49,Unknown,0,0.5700528235839882,1
202510246322_17344518_R7,17344518,15470615,68,Unknown,1,0.596629173305774,1
202510246322_17344518_R8,17344518,15368733,75,Unknown,0,0.6062878237854281,1
202510246322_17344518_R9,17344518,12851435,-37,Unknown,0,0.4469531048305375,0
202510246492_30110069_R1,30110069,31117579,789,Quick,1,0.9894586159864047,1
202510246492_30110069_R2,30110069,17303875,289,Quick,1,0.840723042661615,1
202510246802_15481128_R1,15481128,12454998,-529,Regular,0,0.045426509677844375,0
202510246802_15481128_R2,15481128,32273255,263,Regular,1,0.8196458144946892,1
202510246802_15481128_R3,15481128,30512104,-338,Regular,0,0.125024693001636,0
202510257262_15361305_R1,15361305,14337717,61,Quick,1,0.5868950233791,1
202510257262_15361305_R2,15361305,13837077,9,Quick,1,0.5129491448928637,1
202510257262_15361305_R3,15361305,12795028,-227,Quick,0,0.21303672061053083,0
202510257272_16489786_R1,16489786,31440182,316,Quick,0,0.8604511617577122,1
202510257412_13377996_R1,13377996,20006337,29,Regular,0,0.5416377027147634,1
202510257412_13377996_R2,13377996,16796991,326,Regular,1,0.8672208959675437,1
202510257412_13377996_R3,13377996,17052301,-46,Regular,0,0.43418479693076684,0
202510257482_15197996_R1,15197996,16577100,-142,Regular,0,0.3063120835780346,0
202510257482_15197996_R2,15197996,30308086,-125,Regular,1,0.3274903566650149,0
202510257482_15197996_R3,15197996,14815078,-125,Regular,0,0.3274903566650149,0
202510257482_15197996_R4,15197996,17110950,-189,Regular,0,0.2520004588039456,0
202510257692_31223384_R1,31223384,30893250,491,Regular,1,0.9440870944880482,1
202510258772_31353893_R1,31353893,15197886,-62,Regular,0,0.41171002813683716,0
202510258772_31353893_R2,31353893,30669928,76,Regular,1,0.6076610641268197,1
202510258772_31353893_R3,31353893,12656884,-240,Regular,0,0.20076000891310175,0
202510268252_30632791_R1,30632791,31540229,-449,Quick,0,0.07013276255157504,0
202510268252_30632791_R3,30632791,32614152,702,Quick,1,0.9827244547498063,1
202510268252_30632791_R4,30632791,31665390,-577,Quick,0,0.03484163904670186,0
202510268442_16920880_R1,16920880,13993951,-456,Regular,0,0.06755002899657621,0
202510268442_16920880_R2,16920880,14030747,-109,Regular,0,0.34808796012533627,0
202510268442_16920880_R3,16920880,12653755,-79,Regular,0,0.3882294992189357,0
202510268442_16920880_R5,16920880,13939250,-121,Regular,0,0.33258157812677697,0
202510268742_30176249_R1,30176249,31998168,92,Regular,1,0.6293885472175023,1
202510268742_30176249_R2,30176249,16779590,71,Regular,0,0.6007782458900109,1
202510268742_30176249_R3,30176249,30957643,-14,Regular,0,0.47986327796418354,0
202510268742_30176249_R4,30176249,30695417,34,Regular,0,0.5487743358597419,1
202510268752_13215196_R1,13215196,10047871,291,Unknown,1,0.8422586724704255,1
202510268752_13215196_R2,13215196,11435629,83,Unknown,0,0.6172250309049463,1
202510268752_13215196_R3,13215196,12715435,67,Unknown,0,0.5952430396515719,1
202510268752_13215196_R4,13215196,16463453,92,Unknown,0,0.6293885472175023,1
202510268752_13215196_R5,13215196,12662506,137,Unknown,1,0.6875382482123418,1
202510268752_13215196_R6,13215196,12787646,87,Unknown,0,0.6226501957872621,1
202510268752_13215196_R7,13215196,12707937,154,Unknown,1,0.7081663882812006,1
202510268752_13215196_R8,13215196,12774447,176,Unknown,0,0.7336337024138074,1
202510268752_13215196_R9,13215196,10604737,280,Unknown,1,0.8336624691834381,1
202510268902_30135488_R1,30135488,16741147,-187,Regular,0,0.2541767916495005,0
202510268902_30135488_R2,30135488,30294344,-93,Regular,0,0.3692697113837977,0
202510268902_30135488_R3,30135488,30347417,-78,Regular,0,0.389597577905311,0
202510268902_30135488_R4,30135488,16242623,-41,Regular,0,0.44126863067523897,0
202510268902_30135488_R5,30135488,30484285,-168,Regular,0,0.27546175715746396,0
202510279752_15078846_R1,15078846,30015588,45,Quick,0,0.5644004902404213,1
202510279752_15078846_R2,15078846,12503918,122,Quick,1,0.6686949563073317,1
202510279752_15078846_R3,15078846,16366152,134,Quick,1,0.6838163141936586,1
202510280112_15078846_R1,15078846,31286096,458,Regular,1,0.9331715354303313,1
202510280112_15078846_R2,15078846,12455097,100,Regular,1,0.6400649998028851,1
202510280112_15078846_R3,15078846,14740995,257,Regular,1,0.8144835875047122,1
202510280112_15078846_R4,15078846,31761690,753,Regular,1,0.9870626678999227,1
202510280352_16920880_R2,16920880,30409033,56,Regular,0,0.5798997603578815,1
202510280352_16920880_R4,16920880,30025270,36,Regular,0,0.5516235473109605,1
